INLINE ClassTable,Class Name,Class Description,Class Number,Default Promotion,Map Sprite+ACM- (standing),Walking Speed,Default Portrait,+ACoAKgAq-UNKNOWN+ACoAKgAq-,Base HP,Base STR/MGC,Base SKL,Base SPD,Base DEF,Base MDF,Base CON,Base MOV,Max HP,Max STR/MGC,Max SKL,Max SPD,Max DEF,Max MDF,Max CON,Class Relative Power,HP Growth,STR/MGC Growth,SKL Growth,SPD Growth,DEF Growth,MDF Growth,LUK Growth,HP Promotion Bonus,STR/MGC Promotion Bonus,SKL Promotion Bonus,SPD Promotion Bonus,DEF Promotion Bonus,MDF Promotion Bonus,Class Ability 1,Class Ability 2,Class Ability 3,Class Ability 4,Base Sword Level,Base Lance Level,Base Axe Level,Base Bow Level,Base Staff Level,Base Anima Level,Base Light Level,Base Dark Level,Battle Animation Pointer,Movement Type Pointer,Movement Cost(rain) Pointer,Movement Cost(snow) Pointer,Terrain avoid bonus,Terrain defence bonus,Terrain resistance bonus,Class type/weaknesses
None,0x0,0x0,0x0,0x0,0x0,0,0x0,0x0,0,0,0,0,0,0,0,0,0,0,0,0,0,0,0,0,0,0,0,0,0,0,0,0,0,0,0,0,0,0x0,0x0,0x0,0x0,0,0,0,0,0,0,0,0,0x1f,0x0,0x0,0x0,0x0,0x0,0x0,0x0
Ephraim Lord,0x2bf,0x309,0x1,0x0,0x0,0,SoldierClassCard,0x1,18,6,6,7,6,0,8,5,60,20,20,20,20,20,20,3,90,45,40,45,15,15,40,0,0,0,0,0,0,0x0,0x0,0x0,UnlockEphraim,0,DRank,0,0,0,0,0,0,0x88aefd8,RiverCrossMoveType,RiverCrossRainMoveType,RiverCrossSnowMoveType,GetAvoBonus,GetDefBonus,GetResBonus,0x0
Eirika Lord,0x2bf,0x30a,0x2,0x0,0x1,0,MyrmidonClassCard,0x1,16,4,8,9,3,1,5,5,60,20,20,20,20,20,20,3,90,45,40,45,15,20,40,0,0,0,0,0,0,0x0,0x0,SwordmasterUnlock,UnlockEirika,ERank,0,0,0,0,0,0,0,0x88aefe4,RiverCrossMoveType,RiverCrossRainMoveType,RiverCrossSnowMoveType,GetAvoBonus,GetDefBonus,GetResBonus,SwordType
Ephraim Master Lord,0x2c0,0x30b,0x3,0x0,0x2,0,PaladinClassCard,0x2,18,3,3,4,5,0,10,7,60,27,26,24,23,23,25,3,90,45,40,45,15,15,40,4,2,3,2,2,5,Mounted,IsPromoted|HorseIcon,0x0,UnlockEphraim,0,CRank,0,0,0,0,0,0,0x88aeff0,PaladinMoveType,PaladinRainMoveType,PaladinSnowMoveType,GetAvoBonus,GetDefBonus,GetResBonus,HorseType
Eirika Master Lord,0x2c0,0x30c,0x4,0x0,0x3,0,PaladinClassCard,0x2,18,3,3,4,5,0,7,7,60,24,29,30,22,25,25,3,90,45,40,45,15,20,40,4,2,2,1,3,5,Mounted,HorseIcon,SwordmasterUnlock,UnlockEirika,CRank,0,0,0,0,0,0,0,0x88aeffc,PaladinMoveType,PaladinRainMoveType,PaladinSnowMoveType,GetAvoBonus,GetDefBonus,GetResBonus,(HorseType|SwordType)
Cavalier,0x2c1,0x30d,0x5,0x0,0x4,0,CavalierClassCard,0x20,20,5,2,5,6,0,9,7,60,20,20,20,20,20,25,3,75,35,40,28,15,15,30,0,0,0,0,0,0,Mounted,HorseIcon,0x0,0x0,ERank,DRank,0,0,0,0,0,0,0x88af008,CavalierMoveType,CavalierRainMoveType,CavalierSnowMoveType,GetAvoBonus,GetDefBonus,GetResBonus,HorseType
Cavalier (F),0x2c1,0x30d,0x6,0x0,0x5,0,CavalierClassCard,0x20,18,5,3,3,6,0,9,7,60,20,20,20,20,20,25,3,75,35,40,28,15,15,30,1,0,2,2,0,2,Mounted,HorseIcon,0x0,0x0,ERank,DRank,0,0,0,0,0,0,0x88af018,CavalierMoveType,CavalierRainMoveType,CavalierSnowMoveType,GetAvoBonus,GetDefBonus,GetResBonus,HorseType
Paladin,0x2c2,0x30e,0x7,0x0,0x6,0,PaladinClassCard,0x21,23,7,4,7,8,3,11,8,60,25,26,24,25,25,25,3,70,25,30,18,12,20,25,2,1,1,1,2,1,Mounted,IsPromoted|HorseIcon,0x0,0x0,DRank,DRank,0,0,0,0,0,0,0x88af028,PaladinMoveType,PaladinRainMoveType,PaladinSnowMoveType,GetAvoBonus,GetDefBonus,GetResBonus,HorseType
Paladin (F),0x2c2,0x30e,0x8,0x0,0x7,0,PaladinClassCard,0x21,23,6,6,11,7,6,9,8,60,23,27,25,24,26,25,3,70,25,35,25,12,25,25,1,1,1,2,1,2,Mounted,IsPromoted|HorseIcon,0x0,0x0,DRank,DRank,0,0,0,0,0,0,0x88af038,PaladinMoveType,PaladinRainMoveType,PaladinSnowMoveType,GetAvoBonus,GetDefBonus,GetResBonus,HorseType
Armour Knight,0x2c3,0x30f,0x9,0x0,0x8,SlowWalk,KnightClassCard,0xc,17,5,2,0,9,0,13,4,60,20,20,20,20,20,20,3,80,40,30,15,28,20,25,0,0,0,0,0,0,0x0,0x0,0x0,0x0,0,DRank,0,0,0,0,0,0,0x88af048,ArmorMoveType,ArmorRainMoveType,ArmorSnowMoveType,GetAvoBonus,GetDefBonus,GetResBonus,ArmorType
Armour Knight (F),0x2c3,0x30f,0xa,0x0,0x9,SlowWalk,KnightClassCard,0xc,16,4,3,1,8,1,10,4,60,20,20,20,20,20,20,3,80,40,30,15,28,20,25,2,1,1,1,2,0,0x0,0x0,0x0,0x0,0,DRank,0,0,0,0,0,0,0x88af054,ArmorMoveType,ArmorRainMoveType,ArmorSnowMoveType,GetAvoBonus,GetDefBonus,GetResBonus,ArmorType
General,0x2c4,0x310,0xb,0x0,0xa,SlowWalk,GeneralClassCard,0xd,21,8,4,3,13,3,15,5,60,29,27,24,30,25,25,3,75,30,20,10,23,25,20,4,2,2,3,2,3,0x0,IsPromoted,0x0,0x0,ERank,CRank,1,0,0,0,0,0,0x88af060,ArmorMoveType,ArmorRainMoveType,ArmorSnowMoveType,GetAvoBonus,GetDefBonus,GetResBonus,ArmorType
General (F),0x2c4,0x310,0xc,0x0,0xb,SlowWalk,GeneralClassCard,0xd,20,8,5,5,11,4,11,5,60,27,28,25,29,26,25,3,75,30,25,10,23,25,20,3,2,3,2,3,3,0x0,IsPromoted,0x0,0x0,ERank,CRank,1,0,0,0,0,0,0x88af080,ArmorMoveType,ArmorRainMoveType,ArmorSnowMoveType,GetAvoBonus,GetDefBonus,GetResBonus,ArmorType
Thief,0x2c5,0x311,0xd,0x0,0xc,0,ThiefClassCard,0x7,16,3,1,9,2,0,6,6,60,20,20,20,20,20,20,2,50,5,45,40,5,20,40,0,0,0,0,0,0,ThiefAbility,0x0,0x0,0x0,ERank,0,0,0,0,0,0,0,0x88af0a0,ThiefMoveType,ThiefRainMoveType,ThiefSnowMoveType,GetAvoBonus,GetDefBonus,GetResBonus,SwordType
Manakete,0x2d7,0x323,0xe,0x0,0xd,0,ManaketeClassCard,0x7,16,3,1,9,2,0,6,6,60,20,20,20,20,20,20,2,50,5,45,40,5,20,40,0,0,0,0,0,0,ThiefAbility,0x0,0x0,0x0,ERank,0,0,0,0,0,0,0,0x88af0a0,ThiefMoveType,ThiefRainMoveType,ThiefSnowMoveType,GetAvoBonus,GetDefBonus,GetResBonus,SwordType
Mercenary,0x2c6,0x312,0xf,0x0,0xe,0,MercenaryClassCard,0x3,18,4,8,8,4,0,9,5,60,20,20,20,20,20,20,3,80,40,40,32,18,20,30,0,0,0,0,0,0,0x0,0x0,0x0,0x0,DRank,0,0,0,0,0,0,0,0x88af0b8,NormalMoveType,NormalRainMoveType,NormalSnowMoveType,GetAvoBonus,GetDefBonus,GetResBonus,SwordType
Mercenary (F),0x2c6,0x312,0x10,0x0,0xf,0,MercenaryClassCard,0x3,16,3,5,6,2,0,8,5,60,20,20,20,20,20,20,3,80,40,40,32,18,30,30,0,0,0,0,0,0,0x0,0x0,0x0,0x0,DRank,0,0,0,0,0,0,0,0x88af0c4,NormalMoveType,NormalRainMoveType,NormalSnowMoveType,GetAvoBonus,GetDefBonus,GetResBonus,SwordType
Hero,0x2c7,0x313,0x11,0x0,0x10,0,HeroClassCard,0x4,22,6,9,10,8,2,11,6,60,25,30,26,25,22,25,3,75,30,30,20,20,20,25,4,1,2,2,2,2,0x0,IsPromoted,0x0,0x0,CRank,0,DRank,0,0,0,0,0,0x88af0d0,RiverCrossMoveType,RiverCrossRainMoveType,RiverCrossSnowMoveType,GetAvoBonus,GetDefBonus,GetResBonus,SwordType
Hero (F),0x2c7,0x313,0x12,0x0,0x11,0,HeroClassCard,0x4,22,6,10,11,6,3,9,6,60,24,30,26,24,24,25,3,75,30,30,20,20,20,25,0,0,0,0,0,0,0x0,IsPromoted,0x0,0x0,CRank,0,DRank,0,0,0,0,0,0x88af0ec,RiverCrossMoveType,RiverCrossRainMoveType,RiverCrossSnowMoveType,GetAvoBonus,GetDefBonus,GetResBonus,SwordType
Myrmidon,0x2c8,0x314,0x13,0x0,0x12,0,MyrmidonClassCard,0x5,16,4,9,9,2,0,8,5,60,20,20,20,20,20,20,3,70,35,40,40,15,20,30,0,0,0,0,0,0,0x0,0x0,SwordmasterUnlock,0x0,DRank,0,0,0,0,0,0,0,0x88af108,NormalMoveType,NormalRainMoveType,NormalSnowMoveType,GetAvoBonus,GetDefBonus,GetResBonus,SwordType
Myrmidon (F),0x2c8,0x314,0x14,0x0,0x13,0,MyrmidonClassCard,0x5,15,3,9,10,1,1,5,5,60,20,20,20,20,20,20,3,70,35,40,40,15,20,30,0,0,0,0,0,0,0x0,0x0,SwordmasterUnlock,0x0,DRank,0,0,0,0,0,0,0,0x88af114,NormalMoveType,NormalRainMoveType,NormalSnowMoveType,GetAvoBonus,GetDefBonus,GetResBonus,SwordType
Swordmaster,0x2c9,0x315,0x15,0x0,0x14,0,SwordmasterClassCard,0x6,21,6,11,10,5,2,9,6,60,24,29,30,22,23,20,3,65,25,30,30,15,22,25,5,2,0,0,2,1,CritBoost,IsPromoted,SwordmasterUnlock,0x0,CRank,0,0,0,0,0,0,0,0x88af120,RiverCrossMoveType,RiverCrossRainMoveType,RiverCrossSnowMoveType,GetAvoBonus,GetDefBonus,GetResBonus,SwordType
Swordmaster (F),0x2c9,0x315,0x16,0x0,0x15,0,SwordmasterClassCard,0x6,19,6,11,12,4,3,7,6,60,22,29,30,22,25,20,3,65,25,30,30,15,22,25,4,2,1,0,2,1,CritBoost,IsPromoted,SwordmasterUnlock,0x0,CRank,0,0,0,0,0,0,0,0x88af12c,RiverCrossMoveType,RiverCrossRainMoveType,RiverCrossSnowMoveType,GetAvoBonus,GetDefBonus,GetResBonus,SwordType
Assassin,0x2ca,0x316,0x17,0x0,0x16,0,RogueClassCard,0x8,16,3,1,9,2,0,8,6,60,20,30,30,20,20,20,3,50,5,45,40,5,20,40,3,1,0,0,2,2,ThiefAbility,IsPromoted,SwordmasterUnlock,Lethality,DRank,0,0,0,0,0,0,0,0x88af138,ThiefMoveType,ThiefRainMoveType,ThiefSnowMoveType,GetAvoBonus,GetDefBonus,GetResBonus,SwordType
Assassin (F),0x2ca,0x316,0x18,0x0,0x17,0,RogueClassCard,0x8,16,3,1,9,2,0,6,6,60,20,30,30,20,20,20,3,50,5,45,40,5,20,40,2,1,1,1,2,1,ThiefAbility,IsPromoted,SwordmasterUnlock,Lethality,DRank,0,0,0,0,0,0,0,0x88af144,ThiefMoveType,ThiefRainMoveType,ThiefSnowMoveType,GetAvoBonus,GetDefBonus,GetResBonus,SwordType
Archer,0x2cb,0x317,0x19,0x0,0x18,0,ArcherClassCard,0xa,18,4,3,3,3,0,7,5,60,20,20,20,20,20,20,3,70,35,40,32,15,15,35,0,0,0,0,0,0,UseBallista,0x0,0x0,0x0,0,0,0,DRank,0,0,0,0,0x88af150,NormalMoveType,NormalRainMoveType,NormalSnowMoveType,GetAvoBonus,GetDefBonus,GetResBonus,0x0
Archer (F),0x2cb,0x317,0x1a,0x0,0x19,0,ArcherClassCard,0xa,17,3,3,4,3,0,5,5,60,20,20,20,20,20,20,3,70,35,40,32,15,20,35,0,0,0,0,0,0,UseBallista,0x0,0x0,0x0,0,0,0,DRank,0,0,0,0,0x88af168,NormalMoveType,NormalRainMoveType,NormalSnowMoveType,GetAvoBonus,GetDefBonus,GetResBonus,0x0
Sniper,0x2cc,0x318,0x1b,0x0,0x1a,0,SniperClassCard,0xb,21,7,6,5,5,2,8,6,60,25,30,28,25,23,20,3,65,30,30,20,15,20,30,3,1,2,2,2,3,UseBallista,IsPromoted,0x0,0x0,0,0,0,CRank,0,0,0,0,0x88af180,RiverCrossMoveType,RiverCrossRainMoveType,RiverCrossSnowMoveType,GetAvoBonus,GetDefBonus,GetResBonus,0x0
Sniper (F),0x2cc,0x318,0x1c,0x0,0x1b,0,SniperClassCard,0xb,19,6,6,7,5,3,6,6,60,24,30,29,24,24,20,3,65,30,30,20,15,25,30,4,3,1,1,2,2,UseBallista,IsPromoted,0x0,0x0,0,0,0,CRank,0,0,0,0,0x88af198,RiverCrossMoveType,RiverCrossRainMoveType,RiverCrossSnowMoveType,GetAvoBonus,GetDefBonus,GetResBonus,0x0
Ranger,0x2cd,0x319,0x1d,0x0,0x1c,0,RangerClassCard,0xc,21,7,6,7,6,3,9,7,60,25,28,30,24,23,25,3,60,25,30,35,15,15,25,3,2,1,1,3,3,Mounted,IsPromoted|HorseIcon,0x0,0x0,DRank,0,0,DRank,0,0,0,0,0x88af1b0,RangerMoveType,RangerRainMoveType,RangerSnowMoveType,GetAvoBonus,GetDefBonus,GetResBonus,HorseType
Ranger (F),0x2cd,0x319,0x1e,0x0,0x1d,0,RangerClassCard,0xc,21,6,6,7,5,4,8,7,60,23,28,30,22,25,25,3,60,25,30,35,15,20,25,2,2,2,1,3,3,Mounted,IsPromoted|HorseIcon,0x0,0x0,DRank,0,0,DRank,0,0,0,0,0x88af1c0,RangerMoveType,RangerRainMoveType,RangerSnowMoveType,GetAvoBonus,GetDefBonus,GetResBonus,HorseType
Wyvern Rider,0x2ce,0x31a,0x1f,0x0,0x1e,0,WyvernRiderClassCard,0xd,20,7,3,5,8,0,10,7,60,20,20,20,20,20,25,3,80,45,35,30,25,15,25,0,0,0,0,0,0,Mounted,DragonIcon,0x0,0x0,0,DRank,0,0,0,0,0,0,0x88af1d0,FlyingMoveType,FlyingRainMoveType,FlyingSnowMoveType,NoAvoBonus,NoDefBonus,NoResBonus,(FlierType|DragonType)
Wyvern Rider (F),0x2ce,0x31a,0x20,0x0,0x1f,0,WyvernRiderClassCard,0xd,19,6,5,5,7,0,9,7,60,20,20,20,20,20,25,3,80,45,35,30,25,17,25,0,0,0,0,0,0,Mounted,DragonIcon,0x0,0x0,0,DRank,0,0,0,0,0,0,0x88af1dc,FlyingMoveType,FlyingRainMoveType,FlyingSnowMoveType,NoAvoBonus,NoDefBonus,NoResBonus,(FlierType|DragonType)
Wyvern Lord,0x2cf,0x31b,0x21,0x0,0x20,0,WyvernLordClassCard,0xe,25,9,5,7,10,1,11,8,60,27,25,23,28,22,25,3,75,40,30,20,20,17,20,4,2,2,0,2,0,Mounted,IsPromoted|DragonIcon,0x0,0x0,DRank,CRank,0,0,0,0,0,0,0x88af1e8,FlyingMoveType,FlyingRainMoveType,FlyingSnowMoveType,NoAvoBonus,NoDefBonus,NoResBonus,(FlierType|DragonType)
Wyvern Lord (F),0x2cf,0x31b,0x22,0x0,0x21,0,WyvernLordClassCard,0xe,24,8,7,7,9,2,10,8,60,25,26,24,27,23,25,3,75,40,30,20,20,17,20,0,0,0,0,0,0,Mounted,IsPromoted|DragonIcon,0x0,0x0,DRank,CRank,0,0,0,0,0,0,0x88af1f8,FlyingMoveType,FlyingRainMoveType,FlyingSnowMoveType,NoAvoBonus,NoDefBonus,NoResBonus,(FlierType|DragonType)
Wyvern Knight,0x2d0,0x31c,0x23,0x0,0x22,0,WyvernKnightClassCard,0xf,20,7,7,8,7,1,10,8,60,25,26,28,24,22,25,3,65,35,30,30,15,17,25,3,1,2,3,0,1,Mounted,IsPromoted|DragonIcon,0x0,0x0,0,CRank,0,0,0,0,0,0,0x88af208,FlyingMoveType,FlyingRainMoveType,FlyingSnowMoveType,NoAvoBonus,NoDefBonus,NoResBonus,(FlierType|DragonType)
Wyvern Knight (F),0x2d0,0x31c,0x24,0x0,0x23,0,WyvernKnightClassCard,0xf,19,6,8,9,6,2,9,8,60,24,27,29,23,23,25,3,65,35,30,30,15,20,25,3,2,1,2,1,1,Mounted,IsPromoted|DragonIcon,0x0,0x0,0,CRank,0,0,0,0,0,0,0x88af214,FlyingMoveType,FlyingRainMoveType,FlyingSnowMoveType,NoAvoBonus,NoDefBonus,NoResBonus,(FlierType|DragonType)
Mage,0x2d1,0x31d,0x25,0x0,0x24,0,MageClassCard,0x12,16,1,2,3,3,3,6,5,60,20,20,20,20,20,20,3,55,55,40,35,5,30,20,1,0,1,2,1,2,0x0,0x0,0x0,0x0,0,0,0,0,0,DRank,0,0,0x88af220,MageMoveType,MageRainMoveType,MageSnowMoveType,GetAvoBonus,GetDefBonus,GetResBonus,MageType
Mage (F),0x2d1,0x31d,0x26,0x0,0x25,0,MageClassCard,0x12,16,1,3,2,2,4,3,5,60,20,20,20,20,20,20,3,55,55,40,35,5,40,20,0,0,0,0,0,0,0x0,0x0,0x0,0x0,0,0,0,0,0,DRank,0,0,0x88af234,MageMoveType,MageRainMoveType,MageSnowMoveType,GetAvoBonus,GetDefBonus,GetResBonus,MageType
Sage,0x2d2,0x31e,0x27,0x0,0x26,0,SageClassCard,0x13,20,5,4,4,5,5,7,6,60,28,30,26,21,25,20,3,45,45,30,25,10,40,15,4,1,0,0,3,3,0x0,IsPromoted,0x0,0x0,0,0,0,0,DRank,CRank,DRank,0,0x88af248,MageMoveType,MageRainMoveType,MageSnowMoveType,GetAvoBonus,GetDefBonus,GetResBonus,MageType
Sage (F),0x2d2,0x31e,0x28,0x0,0x27,0,SageClassCard,0x13,19,4,6,5,3,6,4,6,60,30,28,26,21,25,20,3,45,45,30,25,10,40,15,3,1,1,0,3,3,0x0,IsPromoted,0x0,0x0,0,0,0,0,DRank,CRank,DRank,0,0x88af260,MageMoveType,MageRainMoveType,MageSnowMoveType,GetAvoBonus,GetDefBonus,GetResBonus,MageType
Mage Knight,0x2d3,0x31f,0x29,0x0,0x28,0,MageKnightClassCard,0x14,20,4,3,5,5,5,8,7,60,24,26,25,24,25,25,3,45,40,30,40,10,40,30,4,2,0,0,2,2,Mounted,IsPromoted|HorseIcon,0x0,0x0,0,0,0,0,DRank,CRank,0,0,0x88af278,PaladinMoveType,PaladinRainMoveType,PaladinSnowMoveType,GetAvoBonus,GetDefBonus,GetResBonus,HorseType|MageType
Mage Knight (F),0x2d3,0x31f,0x2a,0x0,0x29,0,MageKnightClassCard,0x14,19,3,5,6,3,6,6,7,60,25,24,25,24,28,25,3,45,40,30,40,10,40,40,3,2,1,0,2,2,Mounted,IsPromoted|HorseIcon,0x0,0x0,0,0,0,0,DRank,CRank,0,0,0x88af290,PaladinMoveType,PaladinRainMoveType,PaladinSnowMoveType,GetAvoBonus,GetDefBonus,GetResBonus,HorseType|MageType
Bishop,0x2d4,0x320,0x2b,0x0,0x2a,0,BishopClassCard,0x18,21,4,4,4,3,8,7,6,60,25,26,24,22,30,20,3,45,35,25,22,8,40,40,3,2,1,0,3,2,0x0,IsPromoted,0x0,0x0,0,0,0,0,CRank,0,DRank,0,0x88af2a8,MageMoveType,MageRainMoveType,MageSnowMoveType,GetAvoBonus,GetDefBonus,GetResBonus,MageType
Bishop (F),0x2d4,0x320,0x2c,0x0,0x2b,0,BishopClassCard,0x18,19,4,5,4,2,9,5,6,60,25,25,26,21,30,20,3,45,35,25,22,8,50,40,3,1,2,1,2,2,0x0,IsPromoted,0x0,0x0,0,0,0,0,CRank,0,DRank,0,0x88af2c0,MageMoveType,MageRainMoveType,MageSnowMoveType,GetAvoBonus,GetDefBonus,GetResBonus,MageType
Shaman,0x2e1,0x32c,0x2d,0x0,0x2c,SlowWalk,ShamanClassCard,0x1b,16,2,1,2,2,4,7,5,60,20,20,20,20,20,20,3,50,50,32,30,10,30,20,1,2,0,1,1,2,0x0,0x0,0x0,0x0,0,0,0,0,0,0,0,DRank,0x88af2d8,MageMoveType,MageRainMoveType,MageSnowMoveType,GetAvoBonus,GetDefBonus,GetResBonus,MageType
Shaman (F),0x2e1,0x32c,0x2e,0x0,0x2d,SlowWalk,ShamanClassCard,0x1b,15,3,1,1,1,5,3,5,60,20,20,20,20,20,20,3,50,45,32,30,10,40,20,0,0,0,0,0,0,0x0,0x0,0x0,0x0,0,0,0,0,0,0,0,DRank,0x88af2ec,MageMoveType,MageRainMoveType,MageSnowMoveType,GetAvoBonus,GetDefBonus,GetResBonus,MageType
Druid,0x2e2,0x32d,0x2f,0x0,0x2e,SlowWalk,DruidClassCard,0x1c,19,6,3,4,4,6,8,6,60,29,26,26,21,28,20,3,45,55,30,25,10,35,20,4,0,0,3,2,2,0x0,IsPromoted,0x0,0x0,0,0,0,0,ERank,DRank,0,CRank,0x88af300,MageMoveType,MageRainMoveType,MageSnowMoveType,GetAvoBonus,GetDefBonus,GetResBonus,MageType
Druid (F),0x2e2,0x32d,0x30,0x0,0x2f,SlowWalk,DruidClassCard,0x1c,17,7,3,4,3,7,4,6,60,29,26,26,20,29,20,3,45,55,30,25,10,35,20,0,0,0,0,0,0,0x0,IsPromoted,0x0,0x0,0,0,0,0,ERank,DRank,0,CRank,0x88af318,MageMoveType,MageRainMoveType,MageSnowMoveType,GetAvoBonus,GetDefBonus,GetResBonus,MageType
Summoner,0x2e3,0x32e,0x31,0x0,0x30,0,DruidClassCard,0x1d,18,5,3,4,3,5,8,6,60,27,27,26,20,28,20,3,45,50,30,25,8,35,20,3,0,1,3,1,3,0x0,IsPromoted,0x0,Summoning,0,0,0,0,ERank,0,0,CRank,0x88af330,MageMoveType,MageRainMoveType,MageSnowMoveType,GetAvoBonus,GetDefBonus,GetResBonus,MageType
Summoner (F),0x2e3,0x32e,0x32,0x0,0x31,0,DruidClassCard,0x1d,18,5,3,4,3,5,4,6,60,27,27,26,20,28,20,3,45,50,30,25,8,35,20,0,0,0,0,0,0,0x0,IsPromoted,0x0,Summoning,0,0,0,0,ERank,0,0,CRank,0x88af348,MageMoveType,MageRainMoveType,MageSnowMoveType,GetAvoBonus,GetDefBonus,GetResBonus,MageType
Rogue,0x2db,0x326,0x33,0x0,0x32,0,RogueClassCard,0x9,16,3,1,9,2,0,7,6,60,20,30,30,20,20,20,3,50,10,45,35,5,20,40,2,1,1,0,2,2,ThiefAbility,IsPromoted,0x0,0x0,ERank,0,0,0,0,0,0,0,0x88af360,ThiefMoveType,ThiefRainMoveType,ThiefSnowMoveType,GetAvoBonus,GetDefBonus,GetResBonus,SwordType
Gorgon Egg,0x300,0x34c,0x34,0x0,0x33,0,GorgonClassCard,0x0,50,0,0,0,10,10,6,0,60,30,30,30,30,30,30,3,100,0,0,0,0,0,0,0,0,0,0,0,0,0x0,0x0,0x0,0x0,0,0,0,0,0,0,0,0,0x0,0x0,0x0,0x0,GetAvoBonus,GetDefBonus,GetResBonus,MonsterType
Great Knight,0x2e0,0x32b,0x35,0x0,0x34,SlowWalk,GreatKnightClassCard,0x22,21,8,4,6,11,3,13,6,60,28,24,24,29,25,25,3,70,30,20,15,21,20,20,3,2,1,2,2,1,Mounted,IsPromoted|HorseIcon,0x0,0x0,ERank,DRank,DRank,0,0,0,0,0,0x88af36c,PaladinMoveType,PaladinRainMoveType,PaladinSnowMoveType,GetAvoBonus,GetDefBonus,GetResBonus,(ArmorType|HorseType)
Great Knight (F),0x2e0,0x32b,0x36,0x0,0x35,SlowWalk,GreatKnightClassCard,0x22,20,6,6,7,9,3,10,6,60,26,26,25,28,26,25,3,70,30,25,20,21,22,20,3,1,1,2,2,2,Mounted,IsPromoted|HorseIcon,0x0,0x0,ERank,DRank,DRank,0,0,0,0,0,0x88af38c,PaladinMoveType,PaladinRainMoveType,PaladinSnowMoveType,GetAvoBonus,GetDefBonus,GetResBonus,(ArmorType|HorseType)
Recruit (2),0x2da,0x332,0x37,0x0,0x36,0,SoldierClassCard,0x28,18,5,3,3,6,0,6,5,60,20,20,20,20,20,20,3,75,45,40,40,25,35,40,2,1,1,1,2,1,0x0,0x0,0x0,0x0,0,DRank,0,0,0,0,0,0,0x88af3ac,NormalMoveType,NormalRainMoveType,NormalSnowMoveType,GetAvoBonus,GetDefBonus,GetResBonus,0x0
Journeyman (3),0x2d8,0x324,0x38,0x0,0x37,0,FighterClassCard,0x27,28,8,5,6,5,0,8,6,60,26,29,28,23,23,20,3,85,55,40,32,18,20,40,4,1,2,2,2,2,0x40,IsPromoted,0x0,0x0,0,0,CRank,0,0,0,0,0,0x88af3b8,FighterMoveType,FighterRainMoveType,FighterSnowMoveType,GetAvoBonus,GetDefBonus,GetResBonus,0x0
Pupil (3),0x2d9,0x325,0x39,0x0,0x38,0,MageClassCard,0x29,20,5,4,4,5,5,5,6,60,29,28,27,21,26,20,3,55,55,40,35,10,30,40,4,2,0,1,3,3,0x0,IsPromoted,0x0,0x0,0,0,0,0,0,CRank,1,DRank,0x88af3d0,MageMoveType,MageRainMoveType,MageSnowMoveType,GetAvoBonus,GetDefBonus,GetResBonus,MageType
Recruit (3),0x2da,0x332,0x3a,0x0,0x39,0,SoldierClassCard,0x28,23,6,6,11,7,6,6,6,60,23,30,29,22,26,20,3,75,45,40,40,25,35,40,2,2,1,1,2,1,0x40,IsPromoted,0x0,0x0,0,CRank,0,0,0,0,0,0,0x88af3e4,NormalMoveType,NormalRainMoveType,NormalSnowMoveType,GetAvoBonus,GetDefBonus,GetResBonus,0x0
Manakete,0x2d7,0x323,0x3b,0x0,0x3a,0,DracoZombieClassCard,0x1f,20,0,0,2,1,1,25,3,60,20,20,20,20,20,25,3,95,40,30,20,0,10,25,0,0,0,0,0,0,0x0,IsPromoted,UseMonsterWeapons,0x0,0,0,0,0,0,0,0,0,0x88af3f0,FlyingMoveType,FlyingRainMoveType,FlyingSnowMoveType,NoAvoBonus,NoDefBonus,NoResBonus,(FlierType|DragonType)
Manakete (F),0x2d7,0x323,0x3c,0x0,0x3b,0,ManaketeClassCard,0x1f,12,0,0,2,2,2,5,6,60,20,20,20,20,20,20,2,95,40,30,20,0,10,25,0,0,0,0,0,0,0x0,0x0,UseMonsterWeapons,0x0,0,0,0,0,0,0,0,0,0x88af3fc,FlyingMoveType,FlyingRainMoveType,FlyingSnowMoveType,NoAvoBonus,NoDefBonus,NoResBonus,(FlierType|DragonType)
Journeyman (1),0x2d8,0x324,0x3d,0x0,0x3c,0,FighterClassCard,0x27,14,3,0,1,1,0,8,4,60,20,20,20,20,20,20,1,85,55,40,32,18,20,40,0,0,0,0,0,0,0x0,0x0,TraineeLevelCap,0x0,0,0,ERank,0,0,0,0,0,0x88af408,FighterMoveType,FighterRainMoveType,FighterSnowMoveType,GetAvoBonus,GetDefBonus,GetResBonus,0x0
Pupil (1),0x2d9,0x325,0x3e,0x0,0x3d,0,MageClassCard,0x29,13,1,0,1,0,3,5,4,60,20,20,20,20,20,20,1,55,55,40,35,10,30,40,0,0,0,0,0,0,0x0,0x0,TraineeLevelCap,0x0,0,0,0,0,0,ERank,0,0,0x88af420,MageMoveType,MageRainMoveType,MageSnowMoveType,GetAvoBonus,GetDefBonus,GetResBonus,MageType
Fighter,0x2dc,0x327,0x3f,0x0,0x3e,0,FighterClassCard,0x23,20,5,2,4,2,0,11,5,60,20,20,20,20,20,20,3,85,55,35,30,15,15,15,2,2,1,0,0,1,0x0,0x0,0x0,0x0,0,0,DRank,0,0,0,0,0,0x88af434,FighterMoveType,FighterRainMoveType,FighterSnowMoveType,GetAvoBonus,GetDefBonus,GetResBonus,0x0
Warrior,0x2dd,0x328,0x40,0x0,0x3f,0,WarriorClassCard,0x25,28,8,5,6,5,0,13,6,60,30,28,26,26,22,25,3,80,45,25,20,16,17,15,3,1,2,0,3,3,0x0,IsPromoted,0x0,0x0,0,0,CRank,ERank,0,0,0,0,0x88af44c,FighterMoveType,FighterRainMoveType,FighterSnowMoveType,GetAvoBonus,GetDefBonus,GetResBonus,0x0
Brigand,0x2de,0x329,0x41,0x0,0x40,0,BrigandClassCard,0x0,20,5,1,5,3,0,12,5,60,20,20,20,20,20,20,3,82,50,30,20,10,13,15,2,1,1,0,1,1,0x0,0x0,0x0,0x0,0,0,DRank,0,0,0,0,0,0x88af468,BrigandMoveType,BrigandRainMoveType,BrigandSnowMoveType,GetAvoBonus,GetDefBonus,GetResBonus,0x0
Pirate,0x2ee,0x33a,0x42,0x0,0x41,0,PirateClassCard,0x24,19,4,2,6,3,0,10,5,60,20,20,20,20,20,20,3,75,50,35,25,10,13,15,2,2,0,1,1,0,0x0,0x0,0x0,0x0,0,0,DRank,0,0,0,0,0,0x88af480,PirateMoveType,PirateRainMoveType,PirateSnowMoveType,GetAvoBonus,GetDefBonus,GetResBonus,0x0
Berserker,0x2df,0x32a,0x43,0x0,0x42,0,BerserkerClassCard,0x26,24,7,6,7,6,0,13,6,60,30,29,28,23,21,25,3,75,50,35,25,10,13,15,4,1,1,1,2,2,CritBoost,IsPromoted,0x0,0x0,0,0,CRank,0,0,0,0,0,0x88af498,BerserkerMoveType,BerserkerRainMoveType,BerserkerSnowMoveType,GetAvoBonus,GetDefBonus,GetResBonus,0x0
Monk,0x2e4,0x32f,0x44,0x0,0x43,0,ClericClassCard,0x17,18,1,1,2,1,5,6,5,60,20,20,20,20,20,20,3,50,30,35,32,8,40,45,0,0,0,0,0,0,0x0,0x0,0x0,0x0,0,0,0,0,0,0,ERank,0,0x88af4b0,MageMoveType,MageRainMoveType,MageSnowMoveType,GetAvoBonus,GetDefBonus,GetResBonus,MageType
Priest,0x2e6,0x330,0x45,0x0,0x44,0,ClericClassCard,0x15,18,1,1,2,1,5,5,5,60,20,20,20,20,20,20,2,50,30,35,32,8,50,45,0,0,0,0,0,0,0x0,0x0,0x0,0x0,0,0,0,0,DRank,0,0,0,0x88af4c4,MageMoveType,MageRainMoveType,MageSnowMoveType,GetAvoBonus,GetDefBonus,GetResBonus,MageType
Bard,0x2e5,0x331,0x46,0x0,0x45,0,ClericClassCard,0x0,14,1,2,7,1,0,6,5,60,10,10,30,24,26,20,2,45,45,30,60,0,13,70,0,0,0,0,0,0,CanPlay,0x0,0x0,0x0,0,0,0,0,0,0,0,0,0x0,NormalMoveType,NormalRainMoveType,NormalSnowMoveType,GetAvoBonus,GetDefBonus,GetResBonus,0x0
Recruit (1),0x2da,0x332,0x47,0x0,0x46,0,SoldierClassCard,0x28,13,3,0,1,0,1,6,4,60,20,20,20,20,20,20,1,75,45,40,40,25,35,40,0,0,0,0,0,0,0x0,0x0,TraineeLevelCap,0x0,0,ERank,0,0,0,0,0,0,0x88af4d0,NormalMoveType,NormalRainMoveType,NormalSnowMoveType,GetAvoBonus,GetDefBonus,GetResBonus,0x0
Pegasus Knight,0x2e7,0x333,0x48,0x0,0x47,0,PegasusKnightClassCard,0x10,14,4,5,5,3,2,5,7,60,20,20,20,20,20,25,3,65,35,40,40,12,35,35,0,0,0,0,0,0,Mounted,PegIcon,0x0,0x0,0,DRank,0,0,0,0,0,0,0x88af4dc,FlyingMoveType,FlyingRainMoveType,FlyingSnowMoveType,NoAvoBonus,NoDefBonus,NoResBonus,FlierType
Falcon Knight,0x2e8,0x334,0x49,0x0,0x48,0,FalcoknightClassCard,0x11,20,6,7,7,5,4,6,8,60,23,25,28,23,26,25,3,60,30,30,30,12,30,30,5,2,0,2,2,2,Mounted,IsPromoted|PegIcon,TriangleAttack,0x0,ERank,CRank,0,0,0,0,0,0,0x88af4e8,FlyingMoveType,FlyingRainMoveType,FlyingSnowMoveType,NoAvoBonus,NoDefBonus,NoResBonus,FlierType
Cleric,0x2e9,0x335,0x4a,0x0,0x49,0,ClericClassCard,0x16,16,1,2,2,0,6,4,5,60,20,20,20,20,20,20,2,50,30,35,32,8,50,45,0,0,0,0,0,0,0x0,0x0,0x0,0x0,0,0,0,0,DRank,0,0,0,0x88af4f8,MageMoveType,MageRainMoveType,MageSnowMoveType,GetAvoBonus,GetDefBonus,GetResBonus,MageType
Troubadour,0x2ea,0x336,0x4b,0x0,0x4a,0,TroubadourClassCard,0x19,15,1,1,3,2,5,5,6,60,20,20,20,20,20,25,2,50,25,35,55,12,40,45,0,0,0,0,0,0,Mounted,HorseIcon,0x0,0x0,0,0,0,0,DRank,0,0,0,0x88af504,CavalierMoveType,CavalierRainMoveType,CavalierSnowMoveType,GetAvoBonus,GetDefBonus,GetResBonus,HorseType|MageType
Valkyrie,0x2eb,0x337,0x4c,0x0,0x4b,0,ValkyrieClassCard,0x1a,19,4,3,5,4,8,6,7,60,25,24,25,24,28,25,3,45,35,25,45,10,40,40,3,2,1,0,2,3,Mounted,IsPromoted|HorseIcon,0x0,0x0,0,0,0,0,DRank,0,DRank,0,0x88af510,PaladinMoveType,PaladinRainMoveType,PaladinSnowMoveType,GetAvoBonus,GetDefBonus,GetResBonus,HorseType|MageType
Dancer,0x2ec,0x338,0x4d,0x0,0x4c,0,ClericClassCard,0x2a,14,1,2,7,0,1,4,5,60,10,10,30,24,26,20,2,45,45,30,60,0,13,70,0,0,0,0,0,0,CanDance,0x0,0x0,0x0,0,0,0,0,0,0,0,0,0x88af528,NormalMoveType,NormalRainMoveType,NormalSnowMoveType,GetAvoBonus,GetDefBonus,GetResBonus,0x0
Soldier,0x2ed,0x339,0x4e,0x0,0x4d,0,SoldierClassCard,0x0,20,3,0,1,0,0,6,5,60,20,20,20,20,20,20,2,80,50,30,20,12,15,25,0,0,0,0,0,0,0x0,0x0,0x0,0x0,0,ERank,0,0,0,0,0,0,0x88af53c,NormalMoveType,NormalRainMoveType,NormalSnowMoveType,GetAvoBonus,GetDefBonus,GetResBonus,0x0
Necromancer,0x2ef,0x33b,0x4f,0x0,0x4e,0,DruidClassCard,0x2b,18,9,4,5,3,8,7,6,80,30,25,25,30,30,25,3,45,55,30,25,10,35,20,0,0,0,0,0,0,0x0,IsPromoted,0x0,Summoning,0,0,0,0,SRank,0,0,SRank,0x88af548,MageMoveType,MageRainMoveType,MageSnowMoveType,GetAvoBonus,GetDefBonus,GetResBonus,MageType
Fleet,0x2f0,0x33c,0x50,0x0,0x4f,0,FleetClassCard,0x0,19,1,1,2,5,0,25,3,60,20,20,20,30,20,25,3,75,35,40,32,15,15,15,0,0,0,0,0,0,0x0,0x0,0x0,0x0,0,0,0,CRank,0,0,0,0,0x0,PirateMoveType,PirateRainMoveType,PirateSnowMoveType,GetAvoBonus,GetDefBonus,GetResBonus,0x0
Phantom,0x2f1,0x33d,0x51,0x0,0x50,0,PhantomClassCard,0x1e,1,5,2,4,0,0,11,5,1,20,20,20,0,0,20,3,0,55,35,45,15,15,50,0,0,0,0,0,0,0x0,0x0,0x0,0x0,0,0,CRank,0,0,0,0,0,0x0,FlyingMoveType,FlyingRainMoveType,FlyingSnowMoveType,NoAvoBonus,NoDefBonus,NoResBonus,MonsterType
Revenant,0x2f2,0x33e,0x52,0x53,0x51,0,RevenantClassCard,0x0,33,2,0,0,0,0,6,4,60,20,20,20,20,20,20,3,95,50,30,20,10,13,10,0,0,0,0,0,0,0x0,0x0,UseMonsterWeapons,0x0,0,0,0,0,0,0,0,0,0x88af560,NormalMoveType,NormalRainMoveType,NormalSnowMoveType,GetAvoBonus,GetDefBonus,GetResBonus,MonsterType
Entombed,0x2f3,0x33f,0x53,0x52,0x52,0,EntombedClassCard,0x0,46,3,0,1,0,0,6,5,80,25,22,21,24,22,25,1,85,40,25,17,10,13,50,0,0,0,0,0,0,0x0,IsPromoted,UseMonsterWeapons,0x0,0,0,0,0,0,0,0,0,0x88af56c,NormalMoveType,NormalRainMoveType,NormalSnowMoveType,GetAvoBonus,GetDefBonus,GetResBonus,MonsterType
Bonewalker,0x2f4,0x340,0x54,0x56,0x53,0,BonewalkerClassCard,0x0,26,4,2,3,3,0,7,5,60,20,20,20,20,20,20,3,80,50,30,20,12,15,10,0,0,0,0,0,0,0x0,0x0,SwordmasterUnlock,0x0,CRank,CRank,0,0,0,0,0,0,0x88af578,NormalMoveType,NormalRainMoveType,NormalSnowMoveType,GetAvoBonus,GetDefBonus,GetResBonus,MonsterType
Bonewalker (Bow),0x2f4,0x340,0x55,0x57,0x54,0,BonewalkerClassCard,0x0,23,4,3,2,3,0,6,5,60,20,20,20,20,20,20,3,70,35,40,32,15,15,10,0,0,0,0,0,0,0x0,0x0,0x0,0x0,0,0,0,CRank,0,0,0,0,0x88af588,NormalMoveType,NormalRainMoveType,NormalSnowMoveType,GetAvoBonus,GetDefBonus,GetResBonus,MonsterType
Wight,0x2f5,0x341,0x56,0x54,0x55,0,WightClassCard,0x0,27,7,5,6,5,2,9,6,60,24,28,26,22,23,25,3,65,25,25,20,15,22,10,0,0,0,0,0,0,0x0,IsPromoted,SwordmasterUnlock,0x0,ARank,ARank,0,0,0,0,0,0,0x88af594,NormalMoveType,NormalRainMoveType,NormalSnowMoveType,GetAvoBonus,GetDefBonus,GetResBonus,MonsterType
Wight (Bow),0x2f5,0x341,0x57,0x55,0x56,0,WightClassCard,0x0,27,6,6,5,5,2,8,6,60,25,30,28,25,23,20,3,65,30,30,20,15,20,10,0,0,0,0,0,0,0x0,IsPromoted,0x0,0x0,0,0,0,ARank,0,0,0,0,0x88af5a4,NormalMoveType,NormalRainMoveType,NormalSnowMoveType,GetAvoBonus,GetDefBonus,GetResBonus,MonsterType
Bael,0x2f6,0x342,0x58,0x59,0x57,0,BaelClassCard,0x0,33,6,3,3,6,1,12,5,60,30,28,26,26,22,25,3,82,50,30,20,18,13,15,0,0,0,0,0,0,0x0,0x0,UseMonsterWeapons,0x0,0,0,0,0,0,0,0,0,0x88af5b0,BrigandMoveType,BrigandRainMoveType,BrigandSnowMoveType,GetAvoBonus,GetDefBonus,GetResBonus,MonsterType
Elder Bael,0x2f7,0x343,0x59,0x58,0x58,0,ElderBaelClassCard,0x0,47,8,5,5,9,4,15,6,80,30,28,26,26,22,25,3,85,45,25,20,21,17,10,0,0,0,0,0,0,0x0,IsPromoted,UseMonsterWeapons,0x0,0,0,0,0,0,0,0,0,0x88af5bc,BrigandMoveType,BrigandRainMoveType,BrigandSnowMoveType,GetAvoBonus,GetDefBonus,GetResBonus,MonsterType
Cyclops,0x2f8,0x344,0x5a,0x9,0x59,0,CyclopsClassCard,0x0,52,8,5,6,13,0,16,5,80,29,29,28,30,25,25,3,95,30,35,25,24,25,10,0,0,0,0,0,0,0x0,IsPromoted,0x0,0x0,0,0,ARank,0,0,0,0,0,0x88af5c8,FighterMoveType,FighterRainMoveType,FighterSnowMoveType,GetAvoBonus,GetDefBonus,GetResBonus,MonsterType
Mauthe Doog,0x2f9,0x345,0x5b,0x5c,0x5a,0,MautheDoogClassCard,0x0,21,4,10,10,2,0,6,7,60,20,20,20,20,20,20,3,70,35,45,45,15,20,30,0,0,0,0,0,0,0x0,0x0,UseMonsterWeapons,0x0,0,0,0,0,0,0,0,0,0x88af5e0,AnimalMoveType,AnimalRainMoveType,AnimalSnowMoveType,GetAvoBonus,GetDefBonus,GetResBonus,MonsterType
Gwyllgi,0x2fa,0x346,0x5c,0x5b,0x5b,0,GwyllgiClassCard,0x0,27,6,12,12,5,2,8,8,60,24,29,30,22,23,20,3,65,28,35,35,16,22,25,0,0,0,0,0,0,0x0,IsPromoted,UseMonsterWeapons,0x0,0,0,0,0,0,0,0,0,0x88af5ec,RangerMoveType,RangerRainMoveType,RangerSnowMoveType,GetAvoBonus,GetDefBonus,GetResBonus,MonsterType
Tarvos,0x2fb,0x347,0x5d,0x0,0x5c,0,TarvosClassCard,0x0,27,6,2,5,7,0,10,7,60,20,20,20,20,20,20,3,80,35,40,28,15,15,10,0,0,0,0,0,0,0x0,0x0,0x0,0x0,0,0,CRank,0,0,0,0,0,0x88af5f8,AnimalMoveType,AnimalRainMoveType,AnimalSnowMoveType,GetAvoBonus,GetDefBonus,GetResBonus,(HorseType|MonsterType)
Maelduin,0x2fc,0x348,0x5e,0x0,0x5d,0,MaelduinClassCard,0x0,33,8,4,7,9,3,12,8,80,25,26,24,25,25,25,3,75,30,30,18,13,20,10,0,0,0,0,0,0,0x0,IsPromoted,0x0,0x0,0,0,ARank,ARank,0,0,0,0,0x88af610,RangerMoveType,RangerRainMoveType,RangerSnowMoveType,GetAvoBonus,GetDefBonus,GetResBonus,(HorseType|MonsterType)
Mogall,0x2fd,0x349,0x5f,0x0,0x5e,0,MogallClassCard,0x0,20,2,1,2,2,4,4,5,60,20,20,20,20,20,20,3,50,45,32,30,10,28,30,0,0,0,0,0,0,0x0,0x0,UseMonsterWeapons,0x0,0,0,0,0,0,0,0,CRank,0x88af62c,FlyingMoveType,FlyingRainMoveType,FlyingSnowMoveType,NoAvoBonus,NoDefBonus,NoResBonus,MonsterType
Arch Mogall,0x2fe,0x34a,0x60,0x0,0x5f,0,ArchMogallClassCard,0x0,22,6,3,3,3,7,5,6,60,29,26,26,20,29,20,3,45,55,30,25,10,28,20,0,0,0,0,0,0,0x0,IsPromoted,UseMonsterWeapons,0x0,0,0,0,0,0,0,0,ARank,0x88af640,FlyingMoveType,FlyingRainMoveType,FlyingSnowMoveType,NoAvoBonus,NoDefBonus,NoResBonus,MonsterType
Gorgon,0x2ff,0x34b,0x61,0x0,0x60,0,GorgonClassCard,0x0,25,8,3,4,5,7,11,6,60,29,26,26,21,28,25,3,45,60,30,25,10,40,30,0,0,0,0,0,0,0x0,IsPromoted,UseMonsterWeapons,0x0,0,0,0,0,0,0,0,ARank,0x88af654,MageMoveType,MageRainMoveType,MageSnowMoveType,GetAvoBonus,GetDefBonus,GetResBonus,MonsterType
Gorgon Egg,0x300,0x34c,0x62,0x0,0x61,0,GorgonClassCard,0x0,65,0,0,0,10,10,6,0,60,30,30,30,30,30,30,3,100,0,0,0,0,0,0,0,0,0,0,0,0,0x0,0x0,0x0,0x0,0,0,0,0,0,0,0,0,0x0,0x0,0x0,0x0,GetAvoBonus,GetDefBonus,GetResBonus,MonsterType
Gargoyle,0x301,0x34d,0x63,0x0,0x62,0,GargoyleClassCard,0x0,25,6,3,6,6,0,8,6,60,20,20,20,20,20,20,3,80,45,35,35,25,15,10,0,0,0,0,0,0,0x0,0x0,0x0,0x0,0,CRank,0,0,0,0,0,0,0x88af668,FlyingMoveType,FlyingRainMoveType,FlyingSnowMoveType,NoAvoBonus,NoDefBonus,NoResBonus,(FlierType|MonsterType)
Deathgoyle,0x302,0x34e,0x64,0x0,0x63,0,DeathgoyleClassCard,0x0,30,8,5,8,9,1,11,7,60,27,25,23,28,22,25,3,75,40,30,25,20,17,10,0,0,0,0,0,0,0x0,IsPromoted,0x0,0x0,0,ARank,0,0,0,0,0,0,0x88af674,FlyingMoveType,FlyingRainMoveType,FlyingSnowMoveType,NoAvoBonus,NoDefBonus,NoResBonus,(FlierType|MonsterType)
Dracozombie,0x303,0x34f,0x65,0x0,0x64,0,DracoZombieClassCard,0x0,69,1,0,1,0,3,25,5,100,50,50,50,50,50,25,3,85,35,20,20,30,10,25,0,0,0,0,0,0,0x0,IsPromoted,UseMonsterWeapons,0x0,0,0,0,0,0,0,0,0,0x88af680,FlyingMoveType,FlyingRainMoveType,FlyingSnowMoveType,NoAvoBonus,NoDefBonus,NoResBonus,(FlierType|DragonType|MonsterType)
Demon King,0x304,0x350,0x66,0x0,0x65,0,DemonKingClassCard,0x0,120,23,20,18,25,25,25,2,120,50,50,50,50,50,25,5,95,40,30,20,20,20,25,0,0,0,0,0,0,0x0,IsPromoted,UseMonsterWeapons,0x0,0,0,0,0,0,0,0,0,0x88af68c,DemonKingType,DemonKingType,DemonKingType,GetAvoBonus,GetDefBonus,GetResBonus,MonsterType
Archer on Ballista,0x0,0x0,0x67,0x0,0x66,0,0x0,0x0,0,0,0,0,0,0,0,0,0,0,0,0,0,0,0,3,0,0,0,0,0,10,0,0,0,0,0,0,0,0x0,0x0,0x0,0x0,0,0,0,0,0,0,0,0,0x0,0x0,0x0,0x0,GetAvoBonus,GetDefBonus,GetResBonus,0x0
Archer on Iron Ballista,0x0,0x0,0x68,0x0,0x67,0,0x0,0x0,0,0,0,0,0,0,0,0,0,0,0,0,0,0,0,0,0,0,0,0,0,0,0,0,0,0,0,0,0,0x0,0x0,0x0,0x0,0,0,0,0,0,0,0,0,0x0,0x0,0x0,0x0,GetAvoBonus,GetDefBonus,GetResBonus,0x0
Archer on Killer Ballista,0x0,0x0,0x69,0x0,0x68,0,0x0,0x0,0,0,0,0,0,0,0,0,0,0,0,0,0,0,0,0,0,0,0,0,0,0,0,0,0,0,0,0,0,0x0,0x0,0x0,0x0,0,0,0,0,0,0,0,0,0x0,0x0,0x0,0x0,GetAvoBonus,GetDefBonus,GetResBonus,0x0
Ballista,0x0,0x0,0x6a,0x0,0x69,0,0x0,0x0,0,0,0,0,0,0,0,0,0,0,0,0,0,0,0,0,0,0,0,0,0,0,0,0,0,0,0,0,0,0x0,0x0,0x0,0x0,0,0,0,0,0,0,0,0,0x0,0x0,0x0,0x0,GetAvoBonus,GetDefBonus,GetResBonus,0x0
Iron Ballista,0x0,0x0,0x6b,0x0,0x6a,0,0x0,0x0,0,0,0,0,0,0,0,0,0,0,0,0,0,0,0,0,0,0,0,0,0,0,0,0,0,0,0,0,0,0x0,0x0,0x0,0x0,0,0,0,0,0,0,0,0,0x0,0x0,0x0,0x0,GetAvoBonus,GetDefBonus,GetResBonus,0x0
Killer Ballista,0x0,0x0,0x6c,0x0,0x6b,0,0x0,0x0,0,0,0,0,0,0,0,0,0,0,0,0,0,0,0,0,0,0,0,0,0,0,0,0,0,0,0,0,0,0x0,0x0,0x0,0x0,0,0,0,0,0,0,0,0,0x0,0x0,0x0,0x0,GetAvoBonus,GetDefBonus,GetResBonus,0x0
Civilian,0x305,0x351,0x6d,0x0,0x6c,0,LittleBoyMug,0x0,8,1,0,0,0,0,4,5,60,20,20,20,20,20,20,1,10,0,0,0,0,10,0,0,0,0,0,0,0,0x0,0x0,0x0,0x0,0,0,0,0,0,0,0,0,0x0,CivilianMoveType,CivilianRainMoveType,CivilianSnowMoveType,GetAvoBonus,GetDefBonus,GetResBonus,0x0
Civilian (F),0x305,0x351,0x6e,0x0,0x6d,0,LittleGirlMug,0x0,7,0,0,0,0,1,3,5,60,20,20,20,20,20,20,1,10,0,0,0,0,10,0,0,0,0,0,0,0,0x0,0x0,0x0,0x0,0,0,0,0,0,0,0,0,0x0,CivilianMoveType,CivilianRainMoveType,CivilianSnowMoveType,GetAvoBonus,GetDefBonus,GetResBonus,0x0
Civilian,0x305,0x351,0x6f,0x0,0x6e,0,OldManMug,0x0,10,0,1,0,0,2,6,5,60,20,20,20,20,20,20,1,10,0,0,0,0,10,0,0,0,0,0,0,0,0x0,0x0,0x0,0x0,0,0,0,0,0,0,0,0,0x0,CivilianMoveType,CivilianRainMoveType,CivilianSnowMoveType,GetAvoBonus,GetDefBonus,GetResBonus,0x0
Civilian (F),0x305,0x351,0x70,0x0,0x6f,0,TeenFemaleMug,0x0,9,0,1,0,0,1,4,5,60,20,20,20,20,20,20,1,10,0,0,0,0,10,0,0,0,0,0,0,0,0x0,0x0,0x0,0x0,0,0,0,0,0,0,0,0,0x0,CivilianMoveType,CivilianRainMoveType,CivilianSnowMoveType,GetAvoBonus,GetDefBonus,GetResBonus,0x0
Civilian,0x305,0x351,0x71,0x0,0x70,0,YoungManMug,0x0,12,3,0,0,2,0,7,5,60,20,20,20,20,20,20,1,10,0,0,0,0,10,0,0,0,0,0,0,0,0x0,0x0,0x0,0x0,0,0,0,0,0,0,0,0,0x0,CivilianMoveType,CivilianRainMoveType,CivilianSnowMoveType,GetAvoBonus,GetDefBonus,GetResBonus,0x0
Civilian (F),0x305,0x351,0x72,0x0,0x71,0,YoungWomanMug,0x0,10,0,1,0,1,1,5,5,60,20,20,20,20,20,20,1,10,0,0,0,0,10,0,0,0,0,0,0,0,0x0,0x0,0x0,0x0,0,0,0,0,0,0,0,0,0x0,CivilianMoveType,CivilianRainMoveType,CivilianSnowMoveType,GetAvoBonus,GetDefBonus,GetResBonus,0x0
Peer,0x0,0x0,0x73,0x0,0x72,SlowWalk,QuestionMarkMug,0x0,10,0,0,0,0,0,8,5,60,20,20,20,20,20,20,1,10,0,0,0,0,10,0,0,0,0,0,0,0,0x0,0x0,0x0,0x0,0,0,0,0,0,0,0,0,0x0,CivilianMoveType,CivilianRainMoveType,CivilianSnowMoveType,GetAvoBonus,GetDefBonus,GetResBonus,0x0
Queen,0x307,0x353,0x74,0x0,0x73,0,QuestionMarkMug,0x0,10,0,0,0,0,0,5,5,60,20,20,20,20,20,20,1,10,0,0,0,0,10,0,0,0,0,0,0,0,0x0,0x0,0x0,0x0,0,0,0,0,0,0,0,0,0x0,CivilianMoveType,CivilianRainMoveType,CivilianSnowMoveType,GetAvoBonus,GetDefBonus,GetResBonus,0x0
Prince,0x0,0x0,0x75,0x0,0x74,0,QuestionMarkMug,0x0,10,0,0,0,0,0,7,5,60,20,20,20,20,20,20,1,10,0,0,0,0,10,0,0,0,0,0,0,0,0x0,0x0,0x0,0x0,0,0,0,0,0,0,0,0,0x0,CivilianMoveType,CivilianRainMoveType,CivilianSnowMoveType,GetAvoBonus,GetDefBonus,GetResBonus,0x0
Queen,0x307,0x353,0x76,0x0,0x75,0,QuestionMarkMug,0x0,10,0,0,0,0,0,6,5,60,20,20,20,20,20,20,1,10,0,0,0,0,10,0,0,0,0,0,0,0,0x0,0x0,0x0,0x0,0,0,0,0,0,0,0,0,0x0,CivilianMoveType,CivilianRainMoveType,CivilianSnowMoveType,GetAvoBonus,GetDefBonus,GetResBonus,0x0
Light Rune,0x0,0x0,0x77,0x0,0x76,0,0x0,0x0,0,0,0,0,0,0,0,0,0,0,0,0,0,0,0,0,0,0,0,0,0,0,0,0,0,0,0,0,0,0x0,0x0,0x0,0x0,0,0,0,0,0,0,0,0,0x0,0x0,0x0,0x0,GetAvoBonus,GetDefBonus,GetResBonus,0x0
Fallen Prince,0x0,0x0,0x78,0x0,0x77,0,QuestionMarkMug,0x0,10,0,0,0,0,0,25,5,60,20,20,20,20,20,20,1,10,0,0,0,0,10,0,0,0,0,0,0,0,0x0,0x0,0x0,0x0,0,0,0,0,0,0,0,0,0x0,CivilianMoveType,CivilianRainMoveType,CivilianSnowMoveType,GetAvoBonus,GetDefBonus,GetResBonus,0x0
Tent,0x0,0x0,0x79,0x0,0x78,0,QuestionMarkMug,0x0,15,0,3,3,3,0,25,0,60,20,20,20,20,20,25,1,10,0,0,0,0,10,0,0,0,0,0,0,0,0x0,IsSupply,CannotControl,0x0,0,0,0,0,0,0,0,0,0x0,CivilianMoveType,CivilianRainMoveType,CivilianSnowMoveType,GetAvoBonus,GetDefBonus,GetResBonus,0x0
Pontifex,0x306,0x352,0x7a,0x0,0x79,0,QuestionMarkMug,0x0,10,0,0,0,0,0,8,5,60,20,20,20,20,20,20,1,10,0,0,0,0,10,0,0,0,0,0,0,0,0x0,0x0,0x0,0x0,0,0,0,0,0,0,0,0,0x0,CivilianMoveType,CivilianRainMoveType,CivilianSnowMoveType,GetAvoBonus,GetDefBonus,GetResBonus,0x0
Dead Peer,0x0,0x0,0x7b,0x0,0x7a,0,QuestionMarkMug,0x0,10,0,0,0,0,0,25,5,60,20,20,20,20,20,20,1,10,0,0,0,0,10,0,0,0,0,0,0,0,0x0,0x0,0x0,0x0,0,0,0,0,0,0,0,0,0x0,CivilianMoveType,CivilianRainMoveType,CivilianSnowMoveType,GetAvoBonus,GetDefBonus,GetResBonus,0x0
Cyclops,0x2f8,0x344,0x7c,0x0,0x7b,0,CyclopsClassCard,0x0,52,8,5,6,13,0,16,5,80,29,29,28,30,25,25,3,95,30,35,25,24,25,10,0,0,0,0,0,0,0x0,IsPromoted,0x0,0x0,0,0,SRank,0,0,0,0,0,0x88af6a4,FighterMoveType,FighterRainMoveType,FighterSnowMoveType,GetAvoBonus,GetDefBonus,GetResBonus,MonsterType
Elder Bael,0x2f7,0x343,0x7d,0x0,0x7c,0,ElderBaelClassCard,0x0,47,8,5,5,9,4,15,6,80,30,28,26,26,22,25,3,85,45,25,20,21,17,10,0,0,0,0,0,0,0x0,IsPromoted,UseMonsterWeapons,0x0,0,0,0,0,0,0,0,0,0x88af6bc,BrigandMoveType,BrigandRainMoveType,BrigandSnowMoveType,GetAvoBonus,GetDefBonus,GetResBonus,MonsterType
Journeyman (2),0x2d8,0x324,0x7e,0x0,0x7d,0,FighterClassCard,0x27,20,5,3,4,2,1,8,5,60,20,20,20,20,20,20,3,85,55,40,32,18,20,40,2,0,2,0,2,2,0x0,0x0,0x0,0x0,0,0,CRank,0,0,0,0,0,0x88af6c8,FighterMoveType,FighterRainMoveType,FighterSnowMoveType,GetAvoBonus,GetDefBonus,GetResBonus,0x0
Pupil (2),0x2d9,0x325,0x7f,0x0,0x7e,0,MageClassCard,0x29,17,2,3,3,3,3,5,5,60,20,20,20,20,20,20,3,55,55,40,35,10,30,40,2,1,1,0,2,2,0x0,0x0,0x0,0x0,0,0,0,0,0,DRank,0,0,0x88af6e0,MageMoveType,MageRainMoveType,MageSnowMoveType,GetAvoBonus,GetDefBonus,GetResBonus,MageType
Ephraim Lord,0x2bf,0x309,0x80,0x0,0x0,0,SoldierClassCard,0x1,18,6,6,7,6,0,8,5,60,20,20,20,20,20,20,3,90,45,40,45,15,15,40,0,0,0,0,0,0,0x0,0x0,0x0,UnlockEphraim,0,DRank,0,0,0,0,0,0,0x88aefd8,RiverCrossMoveType,RiverCrossRainMoveType,RiverCrossSnowMoveType,GetAvoBonus,GetDefBonus,GetResBonus,0x0
Ephraim Lord,0x2bf,0x309,0x81,0x0,0x0,0,SoldierClassCard,0x1,18,6,6,7,6,0,8,5,60,20,20,20,20,20,20,3,90,45,40,45,15,15,40,0,0,0,0,0,0,0x0,0x0,0x0,UnlockEphraim,0,DRank,0,0,0,0,0,0,0x88aefd8,RiverCrossMoveType,RiverCrossRainMoveType,RiverCrossSnowMoveType,GetAvoBonus,GetDefBonus,GetResBonus,0x0
Ephraim Lord,0x2bf,0x309,0x82,0x0,0x0,0,SoldierClassCard,0x1,18,6,6,7,6,0,8,5,60,20,20,20,20,20,20,3,90,45,40,45,15,15,40,0,0,0,0,0,0,0x0,0x0,0x0,UnlockEphraim,0,DRank,0,0,0,0,0,0,0x88aefd8,RiverCrossMoveType,RiverCrossRainMoveType,RiverCrossSnowMoveType,GetAvoBonus,GetDefBonus,GetResBonus,0x0
Ephraim Lord,0x2bf,0x309,0x83,0x0,0x0,0,SoldierClassCard,0x1,18,6,6,7,6,0,8,5,60,20,20,20,20,20,20,3,90,45,40,45,15,15,40,0,0,0,0,0,0,0x0,0x0,0x0,UnlockEphraim,0,DRank,0,0,0,0,0,0,0x88aefd8,RiverCrossMoveType,RiverCrossRainMoveType,RiverCrossSnowMoveType,GetAvoBonus,GetDefBonus,GetResBonus,0x0
Ephraim Lord,0x2bf,0x309,0x84,0x0,0x0,0,SoldierClassCard,0x1,18,6,6,7,6,0,8,5,60,20,20,20,20,20,20,3,90,45,40,45,15,15,40,0,0,0,0,0,0,0x0,0x0,0x0,UnlockEphraim,0,DRank,0,0,0,0,0,0,0x88aefd8,RiverCrossMoveType,RiverCrossRainMoveType,RiverCrossSnowMoveType,GetAvoBonus,GetDefBonus,GetResBonus,0x0
Ephraim Lord,0x2bf,0x309,0x85,0x0,0x0,0,SoldierClassCard,0x1,18,6,6,7,6,0,8,5,60,20,20,20,20,20,20,3,90,45,40,45,15,15,40,0,0,0,0,0,0,0x0,0x0,0x0,UnlockEphraim,0,DRank,0,0,0,0,0,0,0x88aefd8,RiverCrossMoveType,RiverCrossRainMoveType,RiverCrossSnowMoveType,GetAvoBonus,GetDefBonus,GetResBonus,0x0
Ephraim Lord,0x2bf,0x309,0x86,0x0,0x0,0,SoldierClassCard,0x1,18,6,6,7,6,0,8,5,60,20,20,20,20,20,20,3,90,45,40,45,15,15,40,0,0,0,0,0,0,0x0,0x0,0x0,UnlockEphraim,0,DRank,0,0,0,0,0,0,0x88aefd8,RiverCrossMoveType,RiverCrossRainMoveType,RiverCrossSnowMoveType,GetAvoBonus,GetDefBonus,GetResBonus,0x0
Ephraim Lord,0x2bf,0x309,0x87,0x0,0x0,0,SoldierClassCard,0x1,18,6,6,7,6,0,8,5,60,20,20,20,20,20,20,3,90,45,40,45,15,15,40,0,0,0,0,0,0,0x0,0x0,0x0,UnlockEphraim,0,DRank,0,0,0,0,0,0,0x88aefd8,RiverCrossMoveType,RiverCrossRainMoveType,RiverCrossSnowMoveType,GetAvoBonus,GetDefBonus,GetResBonus,0x0
Ephraim Lord,0x2bf,0x309,0x88,0x0,0x0,0,SoldierClassCard,0x1,18,6,6,7,6,0,8,5,60,20,20,20,20,20,20,3,90,45,40,45,15,15,40,0,0,0,0,0,0,0x0,0x0,0x0,UnlockEphraim,0,DRank,0,0,0,0,0,0,0x88aefd8,RiverCrossMoveType,RiverCrossRainMoveType,RiverCrossSnowMoveType,GetAvoBonus,GetDefBonus,GetResBonus,0x0
Ephraim Lord,0x2bf,0x309,0x89,0x0,0x0,0,SoldierClassCard,0x1,18,6,6,7,6,0,8,5,60,20,20,20,20,20,20,3,90,45,40,45,15,15,40,0,0,0,0,0,0,0x0,0x0,0x0,UnlockEphraim,0,DRank,0,0,0,0,0,0,0x88aefd8,RiverCrossMoveType,RiverCrossRainMoveType,RiverCrossSnowMoveType,GetAvoBonus,GetDefBonus,GetResBonus,0x0
Ephraim Lord,0x2bf,0x309,0x8a,0x0,0x0,0,SoldierClassCard,0x1,18,6,6,7,6,0,8,5,60,20,20,20,20,20,20,3,90,45,40,45,15,15,40,0,0,0,0,0,0,0x0,0x0,0x0,UnlockEphraim,0,DRank,0,0,0,0,0,0,0x88aefd8,RiverCrossMoveType,RiverCrossRainMoveType,RiverCrossSnowMoveType,GetAvoBonus,GetDefBonus,GetResBonus,0x0
Ephraim Lord,0x2bf,0x309,0x8b,0x0,0x0,0,SoldierClassCard,0x1,18,6,6,7,6,0,8,5,60,20,20,20,20,20,20,3,90,45,40,45,15,15,40,0,0,0,0,0,0,0x0,0x0,0x0,UnlockEphraim,0,DRank,0,0,0,0,0,0,0x88aefd8,RiverCrossMoveType,RiverCrossRainMoveType,RiverCrossSnowMoveType,GetAvoBonus,GetDefBonus,GetResBonus,0x0
Ephraim Lord,0x2bf,0x309,0x8c,0x0,0x0,0,SoldierClassCard,0x1,18,6,6,7,6,0,8,5,60,20,20,20,20,20,20,3,90,45,40,45,15,15,40,0,0,0,0,0,0,0x0,0x0,0x0,UnlockEphraim,0,DRank,0,0,0,0,0,0,0x88aefd8,RiverCrossMoveType,RiverCrossRainMoveType,RiverCrossSnowMoveType,GetAvoBonus,GetDefBonus,GetResBonus,0x0
Ephraim Lord,0x2bf,0x309,0x8d,0x0,0x0,0,SoldierClassCard,0x1,18,6,6,7,6,0,8,5,60,20,20,20,20,20,20,3,90,45,40,45,15,15,40,0,0,0,0,0,0,0x0,0x0,0x0,UnlockEphraim,0,DRank,0,0,0,0,0,0,0x88aefd8,RiverCrossMoveType,RiverCrossRainMoveType,RiverCrossSnowMoveType,GetAvoBonus,GetDefBonus,GetResBonus,0x0
Ephraim Lord,0x2bf,0x309,0x8e,0x0,0x0,0,SoldierClassCard,0x1,18,6,6,7,6,0,8,5,60,20,20,20,20,20,20,3,90,45,40,45,15,15,40,0,0,0,0,0,0,0x0,0x0,0x0,UnlockEphraim,0,DRank,0,0,0,0,0,0,0x88aefd8,RiverCrossMoveType,RiverCrossRainMoveType,RiverCrossSnowMoveType,GetAvoBonus,GetDefBonus,GetResBonus,0x0
Ephraim Lord,0x2bf,0x309,0x8f,0x0,0x0,0,SoldierClassCard,0x1,18,6,6,7,6,0,8,5,60,20,20,20,20,20,20,3,90,45,40,45,15,15,40,0,0,0,0,0,0,0x0,0x0,0x0,UnlockEphraim,0,DRank,0,0,0,0,0,0,0x88aefd8,RiverCrossMoveType,RiverCrossRainMoveType,RiverCrossSnowMoveType,GetAvoBonus,GetDefBonus,GetResBonus,0x0
Ephraim Lord,0x2bf,0x309,0x90,0x0,0x0,0,SoldierClassCard,0x1,18,6,6,7,6,0,8,5,60,20,20,20,20,20,20,3,90,45,40,45,15,15,40,0,0,0,0,0,0,0x0,0x0,0x0,UnlockEphraim,0,DRank,0,0,0,0,0,0,0x88aefd8,RiverCrossMoveType,RiverCrossRainMoveType,RiverCrossSnowMoveType,GetAvoBonus,GetDefBonus,GetResBonus,0x0
Ephraim Lord,0x2bf,0x309,0x91,0x0,0x0,0,SoldierClassCard,0x1,18,6,6,7,6,0,8,5,60,20,20,20,20,20,20,3,90,45,40,45,15,15,40,0,0,0,0,0,0,0x0,0x0,0x0,UnlockEphraim,0,DRank,0,0,0,0,0,0,0x88aefd8,RiverCrossMoveType,RiverCrossRainMoveType,RiverCrossSnowMoveType,GetAvoBonus,GetDefBonus,GetResBonus,0x0
Ephraim Lord,0x2bf,0x309,0x92,0x0,0x0,0,SoldierClassCard,0x1,18,6,6,7,6,0,8,5,60,20,20,20,20,20,20,3,90,45,40,45,15,15,40,0,0,0,0,0,0,0x0,0x0,0x0,UnlockEphraim,0,DRank,0,0,0,0,0,0,0x88aefd8,RiverCrossMoveType,RiverCrossRainMoveType,RiverCrossSnowMoveType,GetAvoBonus,GetDefBonus,GetResBonus,0x0
Ephraim Lord,0x2bf,0x309,0x93,0x0,0x0,0,SoldierClassCard,0x1,18,6,6,7,6,0,8,5,60,20,20,20,20,20,20,3,90,45,40,45,15,15,40,0,0,0,0,0,0,0x0,0x0,0x0,UnlockEphraim,0,DRank,0,0,0,0,0,0,0x88aefd8,RiverCrossMoveType,RiverCrossRainMoveType,RiverCrossSnowMoveType,GetAvoBonus,GetDefBonus,GetResBonus,0x0
Ephraim Lord,0x2bf,0x309,0x94,0x0,0x0,0,SoldierClassCard,0x1,18,6,6,7,6,0,8,5,60,20,20,20,20,20,20,3,90,45,40,45,15,15,40,0,0,0,0,0,0,0x0,0x0,0x0,UnlockEphraim,0,DRank,0,0,0,0,0,0,0x88aefd8,RiverCrossMoveType,RiverCrossRainMoveType,RiverCrossSnowMoveType,GetAvoBonus,GetDefBonus,GetResBonus,0x0
Ephraim Lord,0x2bf,0x309,0x95,0x0,0x0,0,SoldierClassCard,0x1,18,6,6,7,6,0,8,5,60,20,20,20,20,20,20,3,90,45,40,45,15,15,40,0,0,0,0,0,0,0x0,0x0,0x0,UnlockEphraim,0,DRank,0,0,0,0,0,0,0x88aefd8,RiverCrossMoveType,RiverCrossRainMoveType,RiverCrossSnowMoveType,GetAvoBonus,GetDefBonus,GetResBonus,0x0
Ephraim Lord,0x2bf,0x309,0x96,0x0,0x0,0,SoldierClassCard,0x1,18,6,6,7,6,0,8,5,60,20,20,20,20,20,20,3,90,45,40,45,15,15,40,0,0,0,0,0,0,0x0,0x0,0x0,UnlockEphraim,0,DRank,0,0,0,0,0,0,0x88aefd8,RiverCrossMoveType,RiverCrossRainMoveType,RiverCrossSnowMoveType,GetAvoBonus,GetDefBonus,GetResBonus,0x0
Ephraim Lord,0x2bf,0x309,0x97,0x0,0x0,0,SoldierClassCard,0x1,18,6,6,7,6,0,8,5,60,20,20,20,20,20,20,3,90,45,40,45,15,15,40,0,0,0,0,0,0,0x0,0x0,0x0,UnlockEphraim,0,DRank,0,0,0,0,0,0,0x88aefd8,RiverCrossMoveType,RiverCrossRainMoveType,RiverCrossSnowMoveType,GetAvoBonus,GetDefBonus,GetResBonus,0x0
Ephraim Lord,0x2bf,0x309,0x98,0x0,0x0,0,SoldierClassCard,0x1,18,6,6,7,6,0,8,5,60,20,20,20,20,20,20,3,90,45,40,45,15,15,40,0,0,0,0,0,0,0x0,0x0,0x0,UnlockEphraim,0,DRank,0,0,0,0,0,0,0x88aefd8,RiverCrossMoveType,RiverCrossRainMoveType,RiverCrossSnowMoveType,GetAvoBonus,GetDefBonus,GetResBonus,0x0
Ephraim Lord,0x2bf,0x309,0x99,0x0,0x0,0,SoldierClassCard,0x1,18,6,6,7,6,0,8,5,60,20,20,20,20,20,20,3,90,45,40,45,15,15,40,0,0,0,0,0,0,0x0,0x0,0x0,UnlockEphraim,0,DRank,0,0,0,0,0,0,0x88aefd8,RiverCrossMoveType,RiverCrossRainMoveType,RiverCrossSnowMoveType,GetAvoBonus,GetDefBonus,GetResBonus,0x0
Ephraim Lord,0x2bf,0x309,0x9a,0x0,0x0,0,SoldierClassCard,0x1,18,6,6,7,6,0,8,5,60,20,20,20,20,20,20,3,90,45,40,45,15,15,40,0,0,0,0,0,0,0x0,0x0,0x0,UnlockEphraim,0,DRank,0,0,0,0,0,0,0x88aefd8,RiverCrossMoveType,RiverCrossRainMoveType,RiverCrossSnowMoveType,GetAvoBonus,GetDefBonus,GetResBonus,0x0
Ephraim Lord,0x2bf,0x309,0x9b,0x0,0x0,0,SoldierClassCard,0x1,18,6,6,7,6,0,8,5,60,20,20,20,20,20,20,3,90,45,40,45,15,15,40,0,0,0,0,0,0,0x0,0x0,0x0,UnlockEphraim,0,DRank,0,0,0,0,0,0,0x88aefd8,RiverCrossMoveType,RiverCrossRainMoveType,RiverCrossSnowMoveType,GetAvoBonus,GetDefBonus,GetResBonus,0x0
Ephraim Lord,0x2bf,0x309,0x9c,0x0,0x0,0,SoldierClassCard,0x1,18,6,6,7,6,0,8,5,60,20,20,20,20,20,20,3,90,45,40,45,15,15,40,0,0,0,0,0,0,0x0,0x0,0x0,UnlockEphraim,0,DRank,0,0,0,0,0,0,0x88aefd8,RiverCrossMoveType,RiverCrossRainMoveType,RiverCrossSnowMoveType,GetAvoBonus,GetDefBonus,GetResBonus,0x0
Ephraim Lord,0x2bf,0x309,0x9d,0x0,0x0,0,SoldierClassCard,0x1,18,6,6,7,6,0,8,5,60,20,20,20,20,20,20,3,90,45,40,45,15,15,40,0,0,0,0,0,0,0x0,0x0,0x0,UnlockEphraim,0,DRank,0,0,0,0,0,0,0x88aefd8,RiverCrossMoveType,RiverCrossRainMoveType,RiverCrossSnowMoveType,GetAvoBonus,GetDefBonus,GetResBonus,0x0
Ephraim Lord,0x2bf,0x309,0x9e,0x0,0x0,0,SoldierClassCard,0x1,18,6,6,7,6,0,8,5,60,20,20,20,20,20,20,3,90,45,40,45,15,15,40,0,0,0,0,0,0,0x0,0x0,0x0,UnlockEphraim,0,DRank,0,0,0,0,0,0,0x88aefd8,RiverCrossMoveType,RiverCrossRainMoveType,RiverCrossSnowMoveType,GetAvoBonus,GetDefBonus,GetResBonus,0x0
Ephraim Lord,0x2bf,0x309,0x9f,0x0,0x0,0,SoldierClassCard,0x1,18,6,6,7,6,0,8,5,60,20,20,20,20,20,20,3,90,45,40,45,15,15,40,0,0,0,0,0,0,0x0,0x0,0x0,UnlockEphraim,0,DRank,0,0,0,0,0,0,0x88aefd8,RiverCrossMoveType,RiverCrossRainMoveType,RiverCrossSnowMoveType,GetAvoBonus,GetDefBonus,GetResBonus,0x0
Ephraim Lord,0x2bf,0x309,0xa0,0x0,0x0,0,SoldierClassCard,0x1,18,6,6,7,6,0,8,5,60,20,20,20,20,20,20,3,90,45,40,45,15,15,40,0,0,0,0,0,0,0x0,0x0,0x0,UnlockEphraim,0,DRank,0,0,0,0,0,0,0x88aefd8,RiverCrossMoveType,RiverCrossRainMoveType,RiverCrossSnowMoveType,GetAvoBonus,GetDefBonus,GetResBonus,0x0
Ephraim Lord,0x2bf,0x309,0xa1,0x0,0x0,0,SoldierClassCard,0x1,18,6,6,7,6,0,8,5,60,20,20,20,20,20,20,3,90,45,40,45,15,15,40,0,0,0,0,0,0,0x0,0x0,0x0,UnlockEphraim,0,DRank,0,0,0,0,0,0,0x88aefd8,RiverCrossMoveType,RiverCrossRainMoveType,RiverCrossSnowMoveType,GetAvoBonus,GetDefBonus,GetResBonus,0x0
Ephraim Lord,0x2bf,0x309,0xa2,0x0,0x0,0,SoldierClassCard,0x1,18,6,6,7,6,0,8,5,60,20,20,20,20,20,20,3,90,45,40,45,15,15,40,0,0,0,0,0,0,0x0,0x0,0x0,UnlockEphraim,0,DRank,0,0,0,0,0,0,0x88aefd8,RiverCrossMoveType,RiverCrossRainMoveType,RiverCrossSnowMoveType,GetAvoBonus,GetDefBonus,GetResBonus,0x0
Ephraim Lord,0x2bf,0x309,0xa3,0x0,0x0,0,SoldierClassCard,0x1,18,6,6,7,6,0,8,5,60,20,20,20,20,20,20,3,90,45,40,45,15,15,40,0,0,0,0,0,0,0x0,0x0,0x0,UnlockEphraim,0,DRank,0,0,0,0,0,0,0x88aefd8,RiverCrossMoveType,RiverCrossRainMoveType,RiverCrossSnowMoveType,GetAvoBonus,GetDefBonus,GetResBonus,0x0
Ephraim Lord,0x2bf,0x309,0xa4,0x0,0x0,0,SoldierClassCard,0x1,18,6,6,7,6,0,8,5,60,20,20,20,20,20,20,3,90,45,40,45,15,15,40,0,0,0,0,0,0,0x0,0x0,0x0,UnlockEphraim,0,DRank,0,0,0,0,0,0,0x88aefd8,RiverCrossMoveType,RiverCrossRainMoveType,RiverCrossSnowMoveType,GetAvoBonus,GetDefBonus,GetResBonus,0x0
Ephraim Lord,0x2bf,0x309,0xa5,0x0,0x0,0,SoldierClassCard,0x1,18,6,6,7,6,0,8,5,60,20,20,20,20,20,20,3,90,45,40,45,15,15,40,0,0,0,0,0,0,0x0,0x0,0x0,UnlockEphraim,0,DRank,0,0,0,0,0,0,0x88aefd8,RiverCrossMoveType,RiverCrossRainMoveType,RiverCrossSnowMoveType,GetAvoBonus,GetDefBonus,GetResBonus,0x0
Ephraim Lord,0x2bf,0x309,0xa6,0x0,0x0,0,SoldierClassCard,0x1,18,6,6,7,6,0,8,5,60,20,20,20,20,20,20,3,90,45,40,45,15,15,40,0,0,0,0,0,0,0x0,0x0,0x0,UnlockEphraim,0,DRank,0,0,0,0,0,0,0x88aefd8,RiverCrossMoveType,RiverCrossRainMoveType,RiverCrossSnowMoveType,GetAvoBonus,GetDefBonus,GetResBonus,0x0
Ephraim Lord,0x2bf,0x309,0xa7,0x0,0x0,0,SoldierClassCard,0x1,18,6,6,7,6,0,8,5,60,20,20,20,20,20,20,3,90,45,40,45,15,15,40,0,0,0,0,0,0,0x0,0x0,0x0,UnlockEphraim,0,DRank,0,0,0,0,0,0,0x88aefd8,RiverCrossMoveType,RiverCrossRainMoveType,RiverCrossSnowMoveType,GetAvoBonus,GetDefBonus,GetResBonus,0x0
Ephraim Lord,0x2bf,0x309,0xa8,0x0,0x0,0,SoldierClassCard,0x1,18,6,6,7,6,0,8,5,60,20,20,20,20,20,20,3,90,45,40,45,15,15,40,0,0,0,0,0,0,0x0,0x0,0x0,UnlockEphraim,0,DRank,0,0,0,0,0,0,0x88aefd8,RiverCrossMoveType,RiverCrossRainMoveType,RiverCrossSnowMoveType,GetAvoBonus,GetDefBonus,GetResBonus,0x0
Ephraim Lord,0x2bf,0x309,0xa9,0x0,0x0,0,SoldierClassCard,0x1,18,6,6,7,6,0,8,5,60,20,20,20,20,20,20,3,90,45,40,45,15,15,40,0,0,0,0,0,0,0x0,0x0,0x0,UnlockEphraim,0,DRank,0,0,0,0,0,0,0x88aefd8,RiverCrossMoveType,RiverCrossRainMoveType,RiverCrossSnowMoveType,GetAvoBonus,GetDefBonus,GetResBonus,0x0
Ephraim Lord,0x2bf,0x309,0xaa,0x0,0x0,0,SoldierClassCard,0x1,18,6,6,7,6,0,8,5,60,20,20,20,20,20,20,3,90,45,40,45,15,15,40,0,0,0,0,0,0,0x0,0x0,0x0,UnlockEphraim,0,DRank,0,0,0,0,0,0,0x88aefd8,RiverCrossMoveType,RiverCrossRainMoveType,RiverCrossSnowMoveType,GetAvoBonus,GetDefBonus,GetResBonus,0x0
Ephraim Lord,0x2bf,0x309,0xab,0x0,0x0,0,SoldierClassCard,0x1,18,6,6,7,6,0,8,5,60,20,20,20,20,20,20,3,90,45,40,45,15,15,40,0,0,0,0,0,0,0x0,0x0,0x0,UnlockEphraim,0,DRank,0,0,0,0,0,0,0x88aefd8,RiverCrossMoveType,RiverCrossRainMoveType,RiverCrossSnowMoveType,GetAvoBonus,GetDefBonus,GetResBonus,0x0
Ephraim Lord,0x2bf,0x309,0xac,0x0,0x0,0,SoldierClassCard,0x1,18,6,6,7,6,0,8,5,60,20,20,20,20,20,20,3,90,45,40,45,15,15,40,0,0,0,0,0,0,0x0,0x0,0x0,UnlockEphraim,0,DRank,0,0,0,0,0,0,0x88aefd8,RiverCrossMoveType,RiverCrossRainMoveType,RiverCrossSnowMoveType,GetAvoBonus,GetDefBonus,GetResBonus,0x0
Ephraim Lord,0x2bf,0x309,0xad,0x0,0x0,0,SoldierClassCard,0x1,18,6,6,7,6,0,8,5,60,20,20,20,20,20,20,3,90,45,40,45,15,15,40,0,0,0,0,0,0,0x0,0x0,0x0,UnlockEphraim,0,DRank,0,0,0,0,0,0,0x88aefd8,RiverCrossMoveType,RiverCrossRainMoveType,RiverCrossSnowMoveType,GetAvoBonus,GetDefBonus,GetResBonus,0x0
Ephraim Lord,0x2bf,0x309,0xae,0x0,0x0,0,SoldierClassCard,0x1,18,6,6,7,6,0,8,5,60,20,20,20,20,20,20,3,90,45,40,45,15,15,40,0,0,0,0,0,0,0x0,0x0,0x0,UnlockEphraim,0,DRank,0,0,0,0,0,0,0x88aefd8,RiverCrossMoveType,RiverCrossRainMoveType,RiverCrossSnowMoveType,GetAvoBonus,GetDefBonus,GetResBonus,0x0
Ephraim Lord,0x2bf,0x309,0xaf,0x0,0x0,0,SoldierClassCard,0x1,18,6,6,7,6,0,8,5,60,20,20,20,20,20,20,3,90,45,40,45,15,15,40,0,0,0,0,0,0,0x0,0x0,0x0,UnlockEphraim,0,DRank,0,0,0,0,0,0,0x88aefd8,RiverCrossMoveType,RiverCrossRainMoveType,RiverCrossSnowMoveType,GetAvoBonus,GetDefBonus,GetResBonus,0x0
Ephraim Lord,0x2bf,0x309,0xb0,0x0,0x0,0,SoldierClassCard,0x1,18,6,6,7,6,0,8,5,60,20,20,20,20,20,20,3,90,45,40,45,15,15,40,0,0,0,0,0,0,0x0,0x0,0x0,UnlockEphraim,0,DRank,0,0,0,0,0,0,0x88aefd8,RiverCrossMoveType,RiverCrossRainMoveType,RiverCrossSnowMoveType,GetAvoBonus,GetDefBonus,GetResBonus,0x0
Ephraim Lord,0x2bf,0x309,0xb1,0x0,0x0,0,SoldierClassCard,0x1,18,6,6,7,6,0,8,5,60,20,20,20,20,20,20,3,90,45,40,45,15,15,40,0,0,0,0,0,0,0x0,0x0,0x0,UnlockEphraim,0,DRank,0,0,0,0,0,0,0x88aefd8,RiverCrossMoveType,RiverCrossRainMoveType,RiverCrossSnowMoveType,GetAvoBonus,GetDefBonus,GetResBonus,0x0
Ephraim Lord,0x2bf,0x309,0xb2,0x0,0x0,0,SoldierClassCard,0x1,18,6,6,7,6,0,8,5,60,20,20,20,20,20,20,3,90,45,40,45,15,15,40,0,0,0,0,0,0,0x0,0x0,0x0,UnlockEphraim,0,DRank,0,0,0,0,0,0,0x88aefd8,RiverCrossMoveType,RiverCrossRainMoveType,RiverCrossSnowMoveType,GetAvoBonus,GetDefBonus,GetResBonus,0x0
Ephraim Lord,0x2bf,0x309,0xb3,0x0,0x0,0,SoldierClassCard,0x1,18,6,6,7,6,0,8,5,60,20,20,20,20,20,20,3,90,45,40,45,15,15,40,0,0,0,0,0,0,0x0,0x0,0x0,UnlockEphraim,0,DRank,0,0,0,0,0,0,0x88aefd8,RiverCrossMoveType,RiverCrossRainMoveType,RiverCrossSnowMoveType,GetAvoBonus,GetDefBonus,GetResBonus,0x0
Ephraim Lord,0x2bf,0x309,0xb4,0x0,0x0,0,SoldierClassCard,0x1,18,6,6,7,6,0,8,5,60,20,20,20,20,20,20,3,90,45,40,45,15,15,40,0,0,0,0,0,0,0x0,0x0,0x0,UnlockEphraim,0,DRank,0,0,0,0,0,0,0x88aefd8,RiverCrossMoveType,RiverCrossRainMoveType,RiverCrossSnowMoveType,GetAvoBonus,GetDefBonus,GetResBonus,0x0
Ephraim Lord,0x2bf,0x309,0xb5,0x0,0x0,0,SoldierClassCard,0x1,18,6,6,7,6,0,8,5,60,20,20,20,20,20,20,3,90,45,40,45,15,15,40,0,0,0,0,0,0,0x0,0x0,0x0,UnlockEphraim,0,DRank,0,0,0,0,0,0,0x88aefd8,RiverCrossMoveType,RiverCrossRainMoveType,RiverCrossSnowMoveType,GetAvoBonus,GetDefBonus,GetResBonus,0x0
Ephraim Lord,0x2bf,0x309,0xb6,0x0,0x0,0,SoldierClassCard,0x1,18,6,6,7,6,0,8,5,60,20,20,20,20,20,20,3,90,45,40,45,15,15,40,0,0,0,0,0,0,0x0,0x0,0x0,UnlockEphraim,0,DRank,0,0,0,0,0,0,0x88aefd8,RiverCrossMoveType,RiverCrossRainMoveType,RiverCrossSnowMoveType,GetAvoBonus,GetDefBonus,GetResBonus,0x0
Ephraim Lord,0x2bf,0x309,0xb7,0x0,0x0,0,SoldierClassCard,0x1,18,6,6,7,6,0,8,5,60,20,20,20,20,20,20,3,90,45,40,45,15,15,40,0,0,0,0,0,0,0x0,0x0,0x0,UnlockEphraim,0,DRank,0,0,0,0,0,0,0x88aefd8,RiverCrossMoveType,RiverCrossRainMoveType,RiverCrossSnowMoveType,GetAvoBonus,GetDefBonus,GetResBonus,0x0
Ephraim Lord,0x2bf,0x309,0xb8,0x0,0x0,0,SoldierClassCard,0x1,18,6,6,7,6,0,8,5,60,20,20,20,20,20,20,3,90,45,40,45,15,15,40,0,0,0,0,0,0,0x0,0x0,0x0,UnlockEphraim,0,DRank,0,0,0,0,0,0,0x88aefd8,RiverCrossMoveType,RiverCrossRainMoveType,RiverCrossSnowMoveType,GetAvoBonus,GetDefBonus,GetResBonus,0x0
Ephraim Lord,0x2bf,0x309,0xb9,0x0,0x0,0,SoldierClassCard,0x1,18,6,6,7,6,0,8,5,60,20,20,20,20,20,20,3,90,45,40,45,15,15,40,0,0,0,0,0,0,0x0,0x0,0x0,UnlockEphraim,0,DRank,0,0,0,0,0,0,0x88aefd8,RiverCrossMoveType,RiverCrossRainMoveType,RiverCrossSnowMoveType,GetAvoBonus,GetDefBonus,GetResBonus,0x0
Ephraim Lord,0x2bf,0x309,0xba,0x0,0x0,0,SoldierClassCard,0x1,18,6,6,7,6,0,8,5,60,20,20,20,20,20,20,3,90,45,40,45,15,15,40,0,0,0,0,0,0,0x0,0x0,0x0,UnlockEphraim,0,DRank,0,0,0,0,0,0,0x88aefd8,RiverCrossMoveType,RiverCrossRainMoveType,RiverCrossSnowMoveType,GetAvoBonus,GetDefBonus,GetResBonus,0x0
Ephraim Lord,0x2bf,0x309,0xbb,0x0,0x0,0,SoldierClassCard,0x1,18,6,6,7,6,0,8,5,60,20,20,20,20,20,20,3,90,45,40,45,15,15,40,0,0,0,0,0,0,0x0,0x0,0x0,UnlockEphraim,0,DRank,0,0,0,0,0,0,0x88aefd8,RiverCrossMoveType,RiverCrossRainMoveType,RiverCrossSnowMoveType,GetAvoBonus,GetDefBonus,GetResBonus,0x0
Ephraim Lord,0x2bf,0x309,0xbc,0x0,0x0,0,SoldierClassCard,0x1,18,6,6,7,6,0,8,5,60,20,20,20,20,20,20,3,90,45,40,45,15,15,40,0,0,0,0,0,0,0x0,0x0,0x0,UnlockEphraim,0,DRank,0,0,0,0,0,0,0x88aefd8,RiverCrossMoveType,RiverCrossRainMoveType,RiverCrossSnowMoveType,GetAvoBonus,GetDefBonus,GetResBonus,0x0
Ephraim Lord,0x2bf,0x309,0xbd,0x0,0x0,0,SoldierClassCard,0x1,18,6,6,7,6,0,8,5,60,20,20,20,20,20,20,3,90,45,40,45,15,15,40,0,0,0,0,0,0,0x0,0x0,0x0,UnlockEphraim,0,DRank,0,0,0,0,0,0,0x88aefd8,RiverCrossMoveType,RiverCrossRainMoveType,RiverCrossSnowMoveType,GetAvoBonus,GetDefBonus,GetResBonus,0x0
Ephraim Lord,0x2bf,0x309,0xbe,0x0,0x0,0,SoldierClassCard,0x1,18,6,6,7,6,0,8,5,60,20,20,20,20,20,20,3,90,45,40,45,15,15,40,0,0,0,0,0,0,0x0,0x0,0x0,UnlockEphraim,0,DRank,0,0,0,0,0,0,0x88aefd8,RiverCrossMoveType,RiverCrossRainMoveType,RiverCrossSnowMoveType,GetAvoBonus,GetDefBonus,GetResBonus,0x0
Ephraim Lord,0x2bf,0x309,0xbf,0x0,0x0,0,SoldierClassCard,0x1,18,6,6,7,6,0,8,5,60,20,20,20,20,20,20,3,90,45,40,45,15,15,40,0,0,0,0,0,0,0x0,0x0,0x0,UnlockEphraim,0,DRank,0,0,0,0,0,0,0x88aefd8,RiverCrossMoveType,RiverCrossRainMoveType,RiverCrossSnowMoveType,GetAvoBonus,GetDefBonus,GetResBonus,0x0
Ephraim Lord,0x2bf,0x309,0xc0,0x0,0x0,0,SoldierClassCard,0x1,18,6,6,7,6,0,8,5,60,20,20,20,20,20,20,3,90,45,40,45,15,15,40,0,0,0,0,0,0,0x0,0x0,0x0,UnlockEphraim,0,DRank,0,0,0,0,0,0,0x88aefd8,RiverCrossMoveType,RiverCrossRainMoveType,RiverCrossSnowMoveType,GetAvoBonus,GetDefBonus,GetResBonus,0x0
Ephraim Lord,0x2bf,0x309,0xc1,0x0,0x0,0,SoldierClassCard,0x1,18,6,6,7,6,0,8,5,60,20,20,20,20,20,20,3,90,45,40,45,15,15,40,0,0,0,0,0,0,0x0,0x0,0x0,UnlockEphraim,0,DRank,0,0,0,0,0,0,0x88aefd8,RiverCrossMoveType,RiverCrossRainMoveType,RiverCrossSnowMoveType,GetAvoBonus,GetDefBonus,GetResBonus,0x0
Ephraim Lord,0x2bf,0x309,0xc2,0x0,0x0,0,SoldierClassCard,0x1,18,6,6,7,6,0,8,5,60,20,20,20,20,20,20,3,90,45,40,45,15,15,40,0,0,0,0,0,0,0x0,0x0,0x0,UnlockEphraim,0,DRank,0,0,0,0,0,0,0x88aefd8,RiverCrossMoveType,RiverCrossRainMoveType,RiverCrossSnowMoveType,GetAvoBonus,GetDefBonus,GetResBonus,0x0
Ephraim Lord,0x2bf,0x309,0xc3,0x0,0x0,0,SoldierClassCard,0x1,18,6,6,7,6,0,8,5,60,20,20,20,20,20,20,3,90,45,40,45,15,15,40,0,0,0,0,0,0,0x0,0x0,0x0,UnlockEphraim,0,DRank,0,0,0,0,0,0,0x88aefd8,RiverCrossMoveType,RiverCrossRainMoveType,RiverCrossSnowMoveType,GetAvoBonus,GetDefBonus,GetResBonus,0x0
Ephraim Lord,0x2bf,0x309,0xc4,0x0,0x0,0,SoldierClassCard,0x1,18,6,6,7,6,0,8,5,60,20,20,20,20,20,20,3,90,45,40,45,15,15,40,0,0,0,0,0,0,0x0,0x0,0x0,UnlockEphraim,0,DRank,0,0,0,0,0,0,0x88aefd8,RiverCrossMoveType,RiverCrossRainMoveType,RiverCrossSnowMoveType,GetAvoBonus,GetDefBonus,GetResBonus,0x0
Ephraim Lord,0x2bf,0x309,0xc5,0x0,0x0,0,SoldierClassCard,0x1,18,6,6,7,6,0,8,5,60,20,20,20,20,20,20,3,90,45,40,45,15,15,40,0,0,0,0,0,0,0x0,0x0,0x0,UnlockEphraim,0,DRank,0,0,0,0,0,0,0x88aefd8,RiverCrossMoveType,RiverCrossRainMoveType,RiverCrossSnowMoveType,GetAvoBonus,GetDefBonus,GetResBonus,0x0
Ephraim Lord,0x2bf,0x309,0xc6,0x0,0x0,0,SoldierClassCard,0x1,18,6,6,7,6,0,8,5,60,20,20,20,20,20,20,3,90,45,40,45,15,15,40,0,0,0,0,0,0,0x0,0x0,0x0,UnlockEphraim,0,DRank,0,0,0,0,0,0,0x88aefd8,RiverCrossMoveType,RiverCrossRainMoveType,RiverCrossSnowMoveType,GetAvoBonus,GetDefBonus,GetResBonus,0x0
Ephraim Lord,0x2bf,0x309,0xc7,0x0,0x0,0,SoldierClassCard,0x1,18,6,6,7,6,0,8,5,60,20,20,20,20,20,20,3,90,45,40,45,15,15,40,0,0,0,0,0,0,0x0,0x0,0x0,UnlockEphraim,0,DRank,0,0,0,0,0,0,0x88aefd8,RiverCrossMoveType,RiverCrossRainMoveType,RiverCrossSnowMoveType,GetAvoBonus,GetDefBonus,GetResBonus,0x0
Ephraim Lord,0x2bf,0x309,0xc8,0x0,0x0,0,SoldierClassCard,0x1,18,6,6,7,6,0,8,5,60,20,20,20,20,20,20,3,90,45,40,45,15,15,40,0,0,0,0,0,0,0x0,0x0,0x0,UnlockEphraim,0,DRank,0,0,0,0,0,0,0x88aefd8,RiverCrossMoveType,RiverCrossRainMoveType,RiverCrossSnowMoveType,GetAvoBonus,GetDefBonus,GetResBonus,0x0
Ephraim Lord,0x2bf,0x309,0xc9,0x0,0x0,0,SoldierClassCard,0x1,18,6,6,7,6,0,8,5,60,20,20,20,20,20,20,3,90,45,40,45,15,15,40,0,0,0,0,0,0,0x0,0x0,0x0,UnlockEphraim,0,DRank,0,0,0,0,0,0,0x88aefd8,RiverCrossMoveType,RiverCrossRainMoveType,RiverCrossSnowMoveType,GetAvoBonus,GetDefBonus,GetResBonus,0x0
Ephraim Lord,0x2bf,0x309,0xca,0x0,0x0,0,SoldierClassCard,0x1,18,6,6,7,6,0,8,5,60,20,20,20,20,20,20,3,90,45,40,45,15,15,40,0,0,0,0,0,0,0x0,0x0,0x0,UnlockEphraim,0,DRank,0,0,0,0,0,0,0x88aefd8,RiverCrossMoveType,RiverCrossRainMoveType,RiverCrossSnowMoveType,GetAvoBonus,GetDefBonus,GetResBonus,0x0
Ephraim Lord,0x2bf,0x309,0xcb,0x0,0x0,0,SoldierClassCard,0x1,18,6,6,7,6,0,8,5,60,20,20,20,20,20,20,3,90,45,40,45,15,15,40,0,0,0,0,0,0,0x0,0x0,0x0,UnlockEphraim,0,DRank,0,0,0,0,0,0,0x88aefd8,RiverCrossMoveType,RiverCrossRainMoveType,RiverCrossSnowMoveType,GetAvoBonus,GetDefBonus,GetResBonus,0x0
Ephraim Lord,0x2bf,0x309,0xcc,0x0,0x0,0,SoldierClassCard,0x1,18,6,6,7,6,0,8,5,60,20,20,20,20,20,20,3,90,45,40,45,15,15,40,0,0,0,0,0,0,0x0,0x0,0x0,UnlockEphraim,0,DRank,0,0,0,0,0,0,0x88aefd8,RiverCrossMoveType,RiverCrossRainMoveType,RiverCrossSnowMoveType,GetAvoBonus,GetDefBonus,GetResBonus,0x0
Ephraim Lord,0x2bf,0x309,0xcd,0x0,0x0,0,SoldierClassCard,0x1,18,6,6,7,6,0,8,5,60,20,20,20,20,20,20,3,90,45,40,45,15,15,40,0,0,0,0,0,0,0x0,0x0,0x0,UnlockEphraim,0,DRank,0,0,0,0,0,0,0x88aefd8,RiverCrossMoveType,RiverCrossRainMoveType,RiverCrossSnowMoveType,GetAvoBonus,GetDefBonus,GetResBonus,0x0
Ephraim Lord,0x2bf,0x309,0xce,0x0,0x0,0,SoldierClassCard,0x1,18,6,6,7,6,0,8,5,60,20,20,20,20,20,20,3,90,45,40,45,15,15,40,0,0,0,0,0,0,0x0,0x0,0x0,UnlockEphraim,0,DRank,0,0,0,0,0,0,0x88aefd8,RiverCrossMoveType,RiverCrossRainMoveType,RiverCrossSnowMoveType,GetAvoBonus,GetDefBonus,GetResBonus,0x0
Ephraim Lord,0x2bf,0x309,0xcf,0x0,0x0,0,SoldierClassCard,0x1,18,6,6,7,6,0,8,5,60,20,20,20,20,20,20,3,90,45,40,45,15,15,40,0,0,0,0,0,0,0x0,0x0,0x0,UnlockEphraim,0,DRank,0,0,0,0,0,0,0x88aefd8,RiverCrossMoveType,RiverCrossRainMoveType,RiverCrossSnowMoveType,GetAvoBonus,GetDefBonus,GetResBonus,0x0
Ephraim Lord,0x2bf,0x309,0xd0,0x0,0x0,0,SoldierClassCard,0x1,18,6,6,7,6,0,8,5,60,20,20,20,20,20,20,3,90,45,40,45,15,15,40,0,0,0,0,0,0,0x0,0x0,0x0,UnlockEphraim,0,DRank,0,0,0,0,0,0,0x88aefd8,RiverCrossMoveType,RiverCrossRainMoveType,RiverCrossSnowMoveType,GetAvoBonus,GetDefBonus,GetResBonus,0x0
Ephraim Lord,0x2bf,0x309,0xd1,0x0,0x0,0,SoldierClassCard,0x1,18,6,6,7,6,0,8,5,60,20,20,20,20,20,20,3,90,45,40,45,15,15,40,0,0,0,0,0,0,0x0,0x0,0x0,UnlockEphraim,0,DRank,0,0,0,0,0,0,0x88aefd8,RiverCrossMoveType,RiverCrossRainMoveType,RiverCrossSnowMoveType,GetAvoBonus,GetDefBonus,GetResBonus,0x0
Ephraim Lord,0x2bf,0x309,0xd2,0x0,0x0,0,SoldierClassCard,0x1,18,6,6,7,6,0,8,5,60,20,20,20,20,20,20,3,90,45,40,45,15,15,40,0,0,0,0,0,0,0x0,0x0,0x0,UnlockEphraim,0,DRank,0,0,0,0,0,0,0x88aefd8,RiverCrossMoveType,RiverCrossRainMoveType,RiverCrossSnowMoveType,GetAvoBonus,GetDefBonus,GetResBonus,0x0
Ephraim Lord,0x2bf,0x309,0xd3,0x0,0x0,0,SoldierClassCard,0x1,18,6,6,7,6,0,8,5,60,20,20,20,20,20,20,3,90,45,40,45,15,15,40,0,0,0,0,0,0,0x0,0x0,0x0,UnlockEphraim,0,DRank,0,0,0,0,0,0,0x88aefd8,RiverCrossMoveType,RiverCrossRainMoveType,RiverCrossSnowMoveType,GetAvoBonus,GetDefBonus,GetResBonus,0x0
Ephraim Lord,0x2bf,0x309,0xd4,0x0,0x0,0,SoldierClassCard,0x1,18,6,6,7,6,0,8,5,60,20,20,20,20,20,20,3,90,45,40,45,15,15,40,0,0,0,0,0,0,0x0,0x0,0x0,UnlockEphraim,0,DRank,0,0,0,0,0,0,0x88aefd8,RiverCrossMoveType,RiverCrossRainMoveType,RiverCrossSnowMoveType,GetAvoBonus,GetDefBonus,GetResBonus,0x0
Ephraim Lord,0x2bf,0x309,0xd5,0x0,0x0,0,SoldierClassCard,0x1,18,6,6,7,6,0,8,5,60,20,20,20,20,20,20,3,90,45,40,45,15,15,40,0,0,0,0,0,0,0x0,0x0,0x0,UnlockEphraim,0,DRank,0,0,0,0,0,0,0x88aefd8,RiverCrossMoveType,RiverCrossRainMoveType,RiverCrossSnowMoveType,GetAvoBonus,GetDefBonus,GetResBonus,0x0
Ephraim Lord,0x2bf,0x309,0xd6,0x0,0x0,0,SoldierClassCard,0x1,18,6,6,7,6,0,8,5,60,20,20,20,20,20,20,3,90,45,40,45,15,15,40,0,0,0,0,0,0,0x0,0x0,0x0,UnlockEphraim,0,DRank,0,0,0,0,0,0,0x88aefd8,RiverCrossMoveType,RiverCrossRainMoveType,RiverCrossSnowMoveType,GetAvoBonus,GetDefBonus,GetResBonus,0x0
Ephraim Lord,0x2bf,0x309,0xd7,0x0,0x0,0,SoldierClassCard,0x1,18,6,6,7,6,0,8,5,60,20,20,20,20,20,20,3,90,45,40,45,15,15,40,0,0,0,0,0,0,0x0,0x0,0x0,UnlockEphraim,0,DRank,0,0,0,0,0,0,0x88aefd8,RiverCrossMoveType,RiverCrossRainMoveType,RiverCrossSnowMoveType,GetAvoBonus,GetDefBonus,GetResBonus,0x0
Ephraim Lord,0x2bf,0x309,0xd8,0x0,0x0,0,SoldierClassCard,0x1,18,6,6,7,6,0,8,5,60,20,20,20,20,20,20,3,90,45,40,45,15,15,40,0,0,0,0,0,0,0x0,0x0,0x0,UnlockEphraim,0,DRank,0,0,0,0,0,0,0x88aefd8,RiverCrossMoveType,RiverCrossRainMoveType,RiverCrossSnowMoveType,GetAvoBonus,GetDefBonus,GetResBonus,0x0
Ephraim Lord,0x2bf,0x309,0xd9,0x0,0x0,0,SoldierClassCard,0x1,18,6,6,7,6,0,8,5,60,20,20,20,20,20,20,3,90,45,40,45,15,15,40,0,0,0,0,0,0,0x0,0x0,0x0,UnlockEphraim,0,DRank,0,0,0,0,0,0,0x88aefd8,RiverCrossMoveType,RiverCrossRainMoveType,RiverCrossSnowMoveType,GetAvoBonus,GetDefBonus,GetResBonus,0x0
Ephraim Lord,0x2bf,0x309,0xda,0x0,0x0,0,SoldierClassCard,0x1,18,6,6,7,6,0,8,5,60,20,20,20,20,20,20,3,90,45,40,45,15,15,40,0,0,0,0,0,0,0x0,0x0,0x0,UnlockEphraim,0,DRank,0,0,0,0,0,0,0x88aefd8,RiverCrossMoveType,RiverCrossRainMoveType,RiverCrossSnowMoveType,GetAvoBonus,GetDefBonus,GetResBonus,0x0
Ephraim Lord,0x2bf,0x309,0xdb,0x0,0x0,0,SoldierClassCard,0x1,18,6,6,7,6,0,8,5,60,20,20,20,20,20,20,3,90,45,40,45,15,15,40,0,0,0,0,0,0,0x0,0x0,0x0,UnlockEphraim,0,DRank,0,0,0,0,0,0,0x88aefd8,RiverCrossMoveType,RiverCrossRainMoveType,RiverCrossSnowMoveType,GetAvoBonus,GetDefBonus,GetResBonus,0x0
Ephraim Lord,0x2bf,0x309,0xdc,0x0,0x0,0,SoldierClassCard,0x1,18,6,6,7,6,0,8,5,60,20,20,20,20,20,20,3,90,45,40,45,15,15,40,0,0,0,0,0,0,0x0,0x0,0x0,UnlockEphraim,0,DRank,0,0,0,0,0,0,0x88aefd8,RiverCrossMoveType,RiverCrossRainMoveType,RiverCrossSnowMoveType,GetAvoBonus,GetDefBonus,GetResBonus,0x0
Ephraim Lord,0x2bf,0x309,0xdd,0x0,0x0,0,SoldierClassCard,0x1,18,6,6,7,6,0,8,5,60,20,20,20,20,20,20,3,90,45,40,45,15,15,40,0,0,0,0,0,0,0x0,0x0,0x0,UnlockEphraim,0,DRank,0,0,0,0,0,0,0x88aefd8,RiverCrossMoveType,RiverCrossRainMoveType,RiverCrossSnowMoveType,GetAvoBonus,GetDefBonus,GetResBonus,0x0
Ephraim Lord,0x2bf,0x309,0xde,0x0,0x0,0,SoldierClassCard,0x1,18,6,6,7,6,0,8,5,60,20,20,20,20,20,20,3,90,45,40,45,15,15,40,0,0,0,0,0,0,0x0,0x0,0x0,UnlockEphraim,0,DRank,0,0,0,0,0,0,0x88aefd8,RiverCrossMoveType,RiverCrossRainMoveType,RiverCrossSnowMoveType,GetAvoBonus,GetDefBonus,GetResBonus,0x0
Ephraim Lord,0x2bf,0x309,0xdf,0x0,0x0,0,SoldierClassCard,0x1,18,6,6,7,6,0,8,5,60,20,20,20,20,20,20,3,90,45,40,45,15,15,40,0,0,0,0,0,0,0x0,0x0,0x0,UnlockEphraim,0,DRank,0,0,0,0,0,0,0x88aefd8,RiverCrossMoveType,RiverCrossRainMoveType,RiverCrossSnowMoveType,GetAvoBonus,GetDefBonus,GetResBonus,0x0
Ephraim Lord,0x2bf,0x309,0xe0,0x0,0x0,0,SoldierClassCard,0x1,18,6,6,7,6,0,8,5,60,20,20,20,20,20,20,3,90,45,40,45,15,15,40,0,0,0,0,0,0,0x0,0x0,0x0,UnlockEphraim,0,DRank,0,0,0,0,0,0,0x88aefd8,RiverCrossMoveType,RiverCrossRainMoveType,RiverCrossSnowMoveType,GetAvoBonus,GetDefBonus,GetResBonus,0x0
Ephraim Lord,0x2bf,0x309,0xe1,0x0,0x0,0,SoldierClassCard,0x1,18,6,6,7,6,0,8,5,60,20,20,20,20,20,20,3,90,45,40,45,15,15,40,0,0,0,0,0,0,0x0,0x0,0x0,UnlockEphraim,0,DRank,0,0,0,0,0,0,0x88aefd8,RiverCrossMoveType,RiverCrossRainMoveType,RiverCrossSnowMoveType,GetAvoBonus,GetDefBonus,GetResBonus,0x0
Ephraim Lord,0x2bf,0x309,0xe2,0x0,0x0,0,SoldierClassCard,0x1,18,6,6,7,6,0,8,5,60,20,20,20,20,20,20,3,90,45,40,45,15,15,40,0,0,0,0,0,0,0x0,0x0,0x0,UnlockEphraim,0,DRank,0,0,0,0,0,0,0x88aefd8,RiverCrossMoveType,RiverCrossRainMoveType,RiverCrossSnowMoveType,GetAvoBonus,GetDefBonus,GetResBonus,0x0
Ephraim Lord,0x2bf,0x309,0xe3,0x0,0x0,0,SoldierClassCard,0x1,18,6,6,7,6,0,8,5,60,20,20,20,20,20,20,3,90,45,40,45,15,15,40,0,0,0,0,0,0,0x0,0x0,0x0,UnlockEphraim,0,DRank,0,0,0,0,0,0,0x88aefd8,RiverCrossMoveType,RiverCrossRainMoveType,RiverCrossSnowMoveType,GetAvoBonus,GetDefBonus,GetResBonus,0x0
Ephraim Lord,0x2bf,0x309,0xe4,0x0,0x0,0,SoldierClassCard,0x1,18,6,6,7,6,0,8,5,60,20,20,20,20,20,20,3,90,45,40,45,15,15,40,0,0,0,0,0,0,0x0,0x0,0x0,UnlockEphraim,0,DRank,0,0,0,0,0,0,0x88aefd8,RiverCrossMoveType,RiverCrossRainMoveType,RiverCrossSnowMoveType,GetAvoBonus,GetDefBonus,GetResBonus,0x0
Ephraim Lord,0x2bf,0x309,0xe5,0x0,0x0,0,SoldierClassCard,0x1,18,6,6,7,6,0,8,5,60,20,20,20,20,20,20,3,90,45,40,45,15,15,40,0,0,0,0,0,0,0x0,0x0,0x0,UnlockEphraim,0,DRank,0,0,0,0,0,0,0x88aefd8,RiverCrossMoveType,RiverCrossRainMoveType,RiverCrossSnowMoveType,GetAvoBonus,GetDefBonus,GetResBonus,0x0
Ephraim Lord,0x2bf,0x309,0xe6,0x0,0x0,0,SoldierClassCard,0x1,18,6,6,7,6,0,8,5,60,20,20,20,20,20,20,3,90,45,40,45,15,15,40,0,0,0,0,0,0,0x0,0x0,0x0,UnlockEphraim,0,DRank,0,0,0,0,0,0,0x88aefd8,RiverCrossMoveType,RiverCrossRainMoveType,RiverCrossSnowMoveType,GetAvoBonus,GetDefBonus,GetResBonus,0x0
Ephraim Lord,0x2bf,0x309,0xe7,0x0,0x0,0,SoldierClassCard,0x1,18,6,6,7,6,0,8,5,60,20,20,20,20,20,20,3,90,45,40,45,15,15,40,0,0,0,0,0,0,0x0,0x0,0x0,UnlockEphraim,0,DRank,0,0,0,0,0,0,0x88aefd8,RiverCrossMoveType,RiverCrossRainMoveType,RiverCrossSnowMoveType,GetAvoBonus,GetDefBonus,GetResBonus,0x0
Ephraim Lord,0x2bf,0x309,0xe8,0x0,0x0,0,SoldierClassCard,0x1,18,6,6,7,6,0,8,5,60,20,20,20,20,20,20,3,90,45,40,45,15,15,40,0,0,0,0,0,0,0x0,0x0,0x0,UnlockEphraim,0,DRank,0,0,0,0,0,0,0x88aefd8,RiverCrossMoveType,RiverCrossRainMoveType,RiverCrossSnowMoveType,GetAvoBonus,GetDefBonus,GetResBonus,0x0
Ephraim Lord,0x2bf,0x309,0xe9,0x0,0x0,0,SoldierClassCard,0x1,18,6,6,7,6,0,8,5,60,20,20,20,20,20,20,3,90,45,40,45,15,15,40,0,0,0,0,0,0,0x0,0x0,0x0,UnlockEphraim,0,DRank,0,0,0,0,0,0,0x88aefd8,RiverCrossMoveType,RiverCrossRainMoveType,RiverCrossSnowMoveType,GetAvoBonus,GetDefBonus,GetResBonus,0x0
Ephraim Lord,0x2bf,0x309,0xea,0x0,0x0,0,SoldierClassCard,0x1,18,6,6,7,6,0,8,5,60,20,20,20,20,20,20,3,90,45,40,45,15,15,40,0,0,0,0,0,0,0x0,0x0,0x0,UnlockEphraim,0,DRank,0,0,0,0,0,0,0x88aefd8,RiverCrossMoveType,RiverCrossRainMoveType,RiverCrossSnowMoveType,GetAvoBonus,GetDefBonus,GetResBonus,0x0
Ephraim Lord,0x2bf,0x309,0xeb,0x0,0x0,0,SoldierClassCard,0x1,18,6,6,7,6,0,8,5,60,20,20,20,20,20,20,3,90,45,40,45,15,15,40,0,0,0,0,0,0,0x0,0x0,0x0,UnlockEphraim,0,DRank,0,0,0,0,0,0,0x88aefd8,RiverCrossMoveType,RiverCrossRainMoveType,RiverCrossSnowMoveType,GetAvoBonus,GetDefBonus,GetResBonus,0x0
Ephraim Lord,0x2bf,0x309,0xec,0x0,0x0,0,SoldierClassCard,0x1,18,6,6,7,6,0,8,5,60,20,20,20,20,20,20,3,90,45,40,45,15,15,40,0,0,0,0,0,0,0x0,0x0,0x0,UnlockEphraim,0,DRank,0,0,0,0,0,0,0x88aefd8,RiverCrossMoveType,RiverCrossRainMoveType,RiverCrossSnowMoveType,GetAvoBonus,GetDefBonus,GetResBonus,0x0
Ephraim Lord,0x2bf,0x309,0xed,0x0,0x0,0,SoldierClassCard,0x1,18,6,6,7,6,0,8,5,60,20,20,20,20,20,20,3,90,45,40,45,15,15,40,0,0,0,0,0,0,0x0,0x0,0x0,UnlockEphraim,0,DRank,0,0,0,0,0,0,0x88aefd8,RiverCrossMoveType,RiverCrossRainMoveType,RiverCrossSnowMoveType,GetAvoBonus,GetDefBonus,GetResBonus,0x0
Ephraim Lord,0x2bf,0x309,0xee,0x0,0x0,0,SoldierClassCard,0x1,18,6,6,7,6,0,8,5,60,20,20,20,20,20,20,3,90,45,40,45,15,15,40,0,0,0,0,0,0,0x0,0x0,0x0,UnlockEphraim,0,DRank,0,0,0,0,0,0,0x88aefd8,RiverCrossMoveType,RiverCrossRainMoveType,RiverCrossSnowMoveType,GetAvoBonus,GetDefBonus,GetResBonus,0x0
Ephraim Lord,0x2bf,0x309,0xef,0x0,0x0,0,SoldierClassCard,0x1,18,6,6,7,6,0,8,5,60,20,20,20,20,20,20,3,90,45,40,45,15,15,40,0,0,0,0,0,0,0x0,0x0,0x0,UnlockEphraim,0,DRank,0,0,0,0,0,0,0x88aefd8,RiverCrossMoveType,RiverCrossRainMoveType,RiverCrossSnowMoveType,GetAvoBonus,GetDefBonus,GetResBonus,0x0
Ephraim Lord,0x2bf,0x309,0xf0,0x0,0x0,0,SoldierClassCard,0x1,18,6,6,7,6,0,8,5,60,20,20,20,20,20,20,3,90,45,40,45,15,15,40,0,0,0,0,0,0,0x0,0x0,0x0,UnlockEphraim,0,DRank,0,0,0,0,0,0,0x88aefd8,RiverCrossMoveType,RiverCrossRainMoveType,RiverCrossSnowMoveType,GetAvoBonus,GetDefBonus,GetResBonus,0x0
Ephraim Lord,0x2bf,0x309,0xf1,0x0,0x0,0,SoldierClassCard,0x1,18,6,6,7,6,0,8,5,60,20,20,20,20,20,20,3,90,45,40,45,15,15,40,0,0,0,0,0,0,0x0,0x0,0x0,UnlockEphraim,0,DRank,0,0,0,0,0,0,0x88aefd8,RiverCrossMoveType,RiverCrossRainMoveType,RiverCrossSnowMoveType,GetAvoBonus,GetDefBonus,GetResBonus,0x0
Ephraim Lord,0x2bf,0x309,0xf2,0x0,0x0,0,SoldierClassCard,0x1,18,6,6,7,6,0,8,5,60,20,20,20,20,20,20,3,90,45,40,45,15,15,40,0,0,0,0,0,0,0x0,0x0,0x0,UnlockEphraim,0,DRank,0,0,0,0,0,0,0x88aefd8,RiverCrossMoveType,RiverCrossRainMoveType,RiverCrossSnowMoveType,GetAvoBonus,GetDefBonus,GetResBonus,0x0
Ephraim Lord,0x2bf,0x309,0xf3,0x0,0x0,0,SoldierClassCard,0x1,18,6,6,7,6,0,8,5,60,20,20,20,20,20,20,3,90,45,40,45,15,15,40,0,0,0,0,0,0,0x0,0x0,0x0,UnlockEphraim,0,DRank,0,0,0,0,0,0,0x88aefd8,RiverCrossMoveType,RiverCrossRainMoveType,RiverCrossSnowMoveType,GetAvoBonus,GetDefBonus,GetResBonus,0x0
Ephraim Lord,0x2bf,0x309,0xf4,0x0,0x0,0,SoldierClassCard,0x1,18,6,6,7,6,0,8,5,60,20,20,20,20,20,20,3,90,45,40,45,15,15,40,0,0,0,0,0,0,0x0,0x0,0x0,UnlockEphraim,0,DRank,0,0,0,0,0,0,0x88aefd8,RiverCrossMoveType,RiverCrossRainMoveType,RiverCrossSnowMoveType,GetAvoBonus,GetDefBonus,GetResBonus,0x0
Ephraim Lord,0x2bf,0x309,0xf5,0x0,0x0,0,SoldierClassCard,0x1,18,6,6,7,6,0,8,5,60,20,20,20,20,20,20,3,90,45,40,45,15,15,40,0,0,0,0,0,0,0x0,0x0,0x0,UnlockEphraim,0,DRank,0,0,0,0,0,0,0x88aefd8,RiverCrossMoveType,RiverCrossRainMoveType,RiverCrossSnowMoveType,GetAvoBonus,GetDefBonus,GetResBonus,0x0
Ephraim Lord,0x2bf,0x309,0xf6,0x0,0x0,0,SoldierClassCard,0x1,18,6,6,7,6,0,8,5,60,20,20,20,20,20,20,3,90,45,40,45,15,15,40,0,0,0,0,0,0,0x0,0x0,0x0,UnlockEphraim,0,DRank,0,0,0,0,0,0,0x88aefd8,RiverCrossMoveType,RiverCrossRainMoveType,RiverCrossSnowMoveType,GetAvoBonus,GetDefBonus,GetResBonus,0x0
Ephraim Lord,0x2bf,0x309,0xf7,0x0,0x0,0,SoldierClassCard,0x1,18,6,6,7,6,0,8,5,60,20,20,20,20,20,20,3,90,45,40,45,15,15,40,0,0,0,0,0,0,0x0,0x0,0x0,UnlockEphraim,0,DRank,0,0,0,0,0,0,0x88aefd8,RiverCrossMoveType,RiverCrossRainMoveType,RiverCrossSnowMoveType,GetAvoBonus,GetDefBonus,GetResBonus,0x0
Ephraim Lord,0x2bf,0x309,0xf8,0x0,0x0,0,SoldierClassCard,0x1,18,6,6,7,6,0,8,5,60,20,20,20,20,20,20,3,90,45,40,45,15,15,40,0,0,0,0,0,0,0x0,0x0,0x0,UnlockEphraim,0,DRank,0,0,0,0,0,0,0x88aefd8,RiverCrossMoveType,RiverCrossRainMoveType,RiverCrossSnowMoveType,GetAvoBonus,GetDefBonus,GetResBonus,0x0
Ephraim Lord,0x2bf,0x309,0xf9,0x0,0x0,0,SoldierClassCard,0x1,18,6,6,7,6,0,8,5,60,20,20,20,20,20,20,3,90,45,40,45,15,15,40,0,0,0,0,0,0,0x0,0x0,0x0,UnlockEphraim,0,DRank,0,0,0,0,0,0,0x88aefd8,RiverCrossMoveType,RiverCrossRainMoveType,RiverCrossSnowMoveType,GetAvoBonus,GetDefBonus,GetResBonus,0x0
Ephraim Lord,0x2bf,0x309,0xfa,0x0,0x0,0,SoldierClassCard,0x1,18,6,6,7,6,0,8,5,60,20,20,20,20,20,20,3,90,45,40,45,15,15,40,0,0,0,0,0,0,0x0,0x0,0x0,UnlockEphraim,0,DRank,0,0,0,0,0,0,0x88aefd8,RiverCrossMoveType,RiverCrossRainMoveType,RiverCrossSnowMoveType,GetAvoBonus,GetDefBonus,GetResBonus,0x0
Ephraim Lord,0x2bf,0x309,0xfb,0x0,0x0,0,SoldierClassCard,0x1,18,6,6,7,6,0,8,5,60,20,20,20,20,20,20,3,90,45,40,45,15,15,40,0,0,0,0,0,0,0x0,0x0,0x0,UnlockEphraim,0,DRank,0,0,0,0,0,0,0x88aefd8,RiverCrossMoveType,RiverCrossRainMoveType,RiverCrossSnowMoveType,GetAvoBonus,GetDefBonus,GetResBonus,0x0
Ephraim Lord,0x2bf,0x309,0xfc,0x0,0x0,0,SoldierClassCard,0x1,18,6,6,7,6,0,8,5,60,20,20,20,20,20,20,3,90,45,40,45,15,15,40,0,0,0,0,0,0,0x0,0x0,0x0,UnlockEphraim,0,DRank,0,0,0,0,0,0,0x88aefd8,RiverCrossMoveType,RiverCrossRainMoveType,RiverCrossSnowMoveType,GetAvoBonus,GetDefBonus,GetResBonus,0x0
Ephraim Lord,0x2bf,0x309,0xfd,0x0,0x0,0,SoldierClassCard,0x1,18,6,6,7,6,0,8,5,60,20,20,20,20,20,20,3,90,45,40,45,15,15,40,0,0,0,0,0,0,0x0,0x0,0x0,UnlockEphraim,0,DRank,0,0,0,0,0,0,0x88aefd8,RiverCrossMoveType,RiverCrossRainMoveType,RiverCrossSnowMoveType,GetAvoBonus,GetDefBonus,GetResBonus,0x0
Ephraim Lord,0x2bf,0x309,0xfe,0x0,0x0,0,SoldierClassCard,0x1,18,6,6,7,6,0,8,5,60,20,20,20,20,20,20,3,90,45,40,45,15,15,40,0,0,0,0,0,0,0x0,0x0,0x0,UnlockEphraim,0,DRank,0,0,0,0,0,0,0x88aefd8,RiverCrossMoveType,RiverCrossRainMoveType,RiverCrossSnowMoveType,GetAvoBonus,GetDefBonus,GetResBonus,0x0
Ephraim Lord,0x2bf,0x309,0xff,0x0,0x0,0,SoldierClassCard,0x1,18,6,6,7,6,0,8,5,60,20,20,20,20,20,20,3,90,45,40,45,15,15,40,0,0,0,0,0,0,0x0,0x0,0x0,UnlockEphraim,0,DRank,0,0,0,0,0,0,0x88aefd8,RiverCrossMoveType,RiverCrossRainMoveType,RiverCrossSnowMoveType,GetAvoBonus,GetDefBonus,GetResBonus,0x0
,0x0,0x0,0x0,0x0,0x0,0x0,0x0,0x0,0x0,0x0,0x0,0x0,0x0,0x0,0x0,0x0,0x0,0x0,0x0,0x0,0x0,0x0,0x0,0x0,0x0,0x0,0x0,0x0,0x0,0x0,0x0,0x0,0x0,0x0,0x0,0x0,0x0,0x0,0x0,0x0,0x0,0x0,0x0,0x0,0x0,0x0,0x0,0x0,0x0,0x0,0x0,0x0,0x0,0x0,0x0,0x0,0x0
