0x803d64,Name,Details,ID,Support Class,Portrait,Map Portrait,Affinity,Unit Sort Order,LV,HP,POW,SKL,SPD,DEF,RES,LUK,CON,Sword,Lance,Axe,Bow,Staff,Anima,Light,Dark,HP,POW,SKL,SPD,DEF,RES,LUK,??,??,??,??,??,Ability 1,Ability 2,Ability 3,Ability 4,Support Data,Conversation group,??,??,??
Ria,RiaName,RiaDesc,0x1,RiaLord,RiaMug,NoGenericMiniMug,AffAnima,1,1,0,0,0,0,0,0,5,0,0,0,ERank,0,0,0,0,0,85,65,50,55,40,30,55,0x0,0x0,0x0,0x0,0x0,0x0,0x40,0x0,0x0,RiaSupportData|IsPointer,0x0,0x0,0x0,0x0
Garthan,GarthanName,GarthanDesc,0x2,GreatKnight,GarthanMug,NoGenericMiniMug,AffIce,2,1,4,3,3,1,5,3,1,1,ARank,CRank,CRank,0,0,0,0,0,60,40,20,5,20,5,10,0x0,0x0,0x0,0x0,0x0,0x0,0x0,0x0,0x0,GarthanSupportData|IsPointer,0x0,0x0,0x0,0x0
Everett,EverettName,EverettDesc,0x3,Priest,EverettMug,NoGenericMiniMug,AffLight,3,3,2,0,0,2,1,0,6,0,0,0,0,0,DRank,0,0,0,70,45,30,45,15,35,65,0x0,0x0,0x0,0x0,0x0,0x0,0x0,0x0,0x0,EverettSupportData|IsPointer,0x0,0x0,0x0,0x0
Ignace,IgnaceName,IgnaceDesc,0x4,LanceCav,IgnaceMug,NoGenericMiniMug,AffWind,4,2,0,3,1,0,0,1,3,1,0,DRank,0,0,0,0,0,0,80,60,50,45,30,20,35,0x0,0x0,0x0,0x0,0x0,0x0,0x0,0x0,0x0,IgnaceSupportData|IsPointer,0x0,0x0,0x0,0x0
Edith,EdithName,EdithDesc,0x5,SwordCav_F,EdithMug,NoGenericMiniMug,AffFire,5,2,0,1,2,0,0,2,4,0,DRank,0,0,0,0,0,0,0,65,45,55,65,20,25,45,0x0,0x0,0x0,0x0,0x0,0x0,0x0,0x0,0x0,EdithSupportData|IsPointer,0x0,0x0,0x0,0x0
Maurus,MaurusName,MaurusDesc,0x6,Knight,MaurusMug,NoGenericMiniMug,AffThunder,6,5,3,1,1,2,4,2,2,2,DRank,CRank,DRank,0,0,0,0,0,80,60,45,40,35,10,35,0x0,0x0,0x0,0x0,0x0,0x0,0x40,0x20,0x0,MaurusSupportData|IsPointer,0x0,0x0,0x0,0x0
Furia,FuriaName,FuriaDesc,0x7,Mage_F,FuriaMug,NoGenericMiniMug,AffFire,7,2,5,0,1,2,0,2,7,1,0,0,0,0,0,CRank,0,0,70,40,45,55,15,35,60,0x0,0x0,0x0,0x0,0x0,0x0,0x0,0x0,0x0,FuriaSupportData|IsPointer,0x0,0x0,0x0,0x0
Kate,KateName,KateDesc,0x8,PegasusKnight,KateMug,NoGenericMiniMug,AffAnima,8,1,1,2,0,1,1,2,8,2,0,DRank,0,0,0,0,0,0,75,45,50,65,25,30,30,0x0,0x0,0x0,0x0,0x0,0x0,0x40,0x0,0x0,KateSupportData|IsPointer,0x0,0x0,0x0,0x0
Lilac,LilacName,LilacDesc,0x9,Shaman_F,LilacMug,NoGenericMiniMug,AffIce,9,2,3,1,1,1,0,3,7,0,0,0,0,0,0,0,0,CRank,65,60,40,45,15,35,60,0x0,0x0,0x0,0x0,0x0,0x0,0x0,0x0,Summoning,LilacSupportData|IsPointer,0x0,0x0,0x0,0x0
Sayra,SayraName,SayraDesc,0xa,Thief_F,SayraMug,NoGenericMiniMug,AffDark,10,1,4,3,1,1,1,1,8,1,DRank,0,0,0,0,0,0,0,75,55,35,70,20,35,55,0x0,0x0,0x0,0x0,0x0,0x0,0x0,0x0,0x0,SayraSupportData|IsPointer,0x0,0x0,0x0,0x0
Jhonka,JhonkaName,JhonkaDesc,0xb,Brigand,JhonkaMug,NoGenericMiniMug,AffAnima,11,2,3,2,1,2,1,0,4,0,0,DRank,0,0,0,0,0,0,85,55,35,45,25,15,40,0x0,0x0,0x0,0x0,0x0,0x0,0x0,0x0,0x0,JhonkaSupportData|IsPointer,0x0,0x0,0x0,0x0
Acies,AciesName,AciesDesc,0xc,Myrmidon,AciesMug,NoGenericMiniMug,AffDark,12,3,4,2,1,2,1,0,6,2,CRank,0,0,0,0,0,0,0,70,40,55,60,15,25,30,0x0,0x0,0x0,0x0,0x0,0x0,0x40,0x0,0x0,AciesSupportData|IsPointer,0x0,0x0,0x0,0x0
Yorrick,YorrickName,YorrickDesc,0xd,Monk,YorrickMug,NoGenericMiniMug,AffIce,13,5,5,4,1,2,2,3,5,2,0,0,0,0,0,0,DRank,0,65,50,50,40,45,60,35,0x0,0x0,0x0,0x0,0x0,0x0,0x40,0x0,0x0,YorrickSupportData|IsPointer,0x0,0x0,0x0,0x0
Mint,MintName,MintDesc,0xe,Archer,MintMug,NoGenericMiniMug,AffWind,14,4,4,2,3,3,3,3,9,1,0,0,0,DRank,0,0,0,0,60,55,75,60,20,30,45,0x0,0x0,0x0,0x0,0x0,0x0,0x0,0x0,0x0,MintSupportData|IsPointer,0x0,0x0,0x0,0x0
Gershon,GershonName,GershonDesc,0xf,AxeCav,GershonMug,NoGenericMiniMug,AffLight,15,5,7,5,0,3,2,1,6,1,0,0,CRank,0,0,0,0,0,85,55,45,45,50,25,30,0x0,0x0,0x0,0x0,0x0,0x0,0x0,0x0,0x0,GershonSupportData|IsPointer,0x0,0x0,0x0,0x0
Osian,OsianName,OsianDesc,0x10,Fighter,OsianMug,NoGenericMiniMug,AffFire,16,5,5,0,5,4,-2,1,4,0,0,0,CRank,0,0,0,0,0,90,75,50,50,30,15,25,0x0,0x0,0x0,0x0,0x0,0x0,0x0,0x0,0x0,OsianSupportData|IsPointer,0x0,0x0,0x0,0x0
Tony,TonyName,TonyDesc,0x11,Soldier,TonyMug,NoGenericMiniMug,AffThunder,17,5,7,2,-1,2,0,1,8,1,0,0,0,0,0,0,0,0,90,70,60,50,35,20,55,0x0,0x0,0x0,0x0,0x0,0x0,0x0,0x0,0x0,TonySupportData|IsPointer,0x0,0x0,0x0,0x0
Juan,JuanName,JuanDesc,0x12,Mercenary,JuanMug,NoGenericMiniMug,AffIce,18,7,7,3,0,1,2,2,2,2,CRank,0,0,0,0,0,0,0,80,70,35,50,25,20,20,0x0,0x0,0x0,0x0,0x0,0x0,0x40,0x0,0x0,JuanSupportData|IsPointer,0x0,0x0,0x0,0x0
Reuben,ReubenName,ReubenDesc,0x13,Pirate,ReubenMug,NoGenericMiniMug,AffFire,19,6,4,2,3,5,1,0,7,2,0,0,CRank,0,0,0,0,0,70,50,65,60,15,5,35,0x0,0x0,0x0,0x0,0x0,0x0,0x0,0x0,0x0,ReubenSupportData|IsPointer,0x0,0x0,0x0,0x0
Anna,Anna1Name,Anna1Desc,0x14,Convoy,Anna1Mug,NoGenericMiniMug,AffDark,20,1,15,-1,4,6,6,1,16,0,0,0,0,0,0,0,0,0,255,255,255,255,255,255,255,0x0,0x0,0x0,0x0,0x0,0x0,0x0,0x0,0x0,0x0,0x0,0x0,0x0,0x0
Arla,ArlaName,ArlaDesc,0x15,Nomad_F,ArlaMug,NoGenericMiniMug,AffThunder,21,8,11,5,4,4,3,2,10,2,0,0,0,CRank,0,0,0,0,70,45,55,50,20,30,50,0x0,0x0,0x0,0x0,0x0,0x0,0x40,0x0,0x0,ArlaSupportData|IsPointer,0x0,0x0,0x0,0x0
Irena,IrenaName,IrenaDesc,0x16,Thief_F,IrenaMug,NoGenericMiniMug,AffLight,22,7,11,5,3,4,4,3,7,0,CRank,0,0,0,0,0,0,0,65,40,45,65,15,30,40,0x0,0x0,0x0,0x0,0x0,0x0,0x40,0x0,0x0,IrenaSupportData|IsPointer,0x0,0x0,0x0,0x0
Reagan,ReaganName,ReaganDesc,0x17,Monk_F,ReaganMug,NoGenericMiniMug,AffLight,23,10,13,5,0,2,4,1,9,-1,0,0,0,0,0,0,CRank,0,70,55,55,50,20,50,20,0x0,0x0,0x0,0x0,0x0,0x0,0x0,0x0,0x0,ReaganSupportData|IsPointer,0x0,0x0,0x0,0x0
Ingrid,IngridName,IngridDesc,0x18,Troubadour,IngridMug,NoGenericMiniMug,AffAnima,24,8,12,2,1,4,3,6,4,-2,0,0,0,0,CRank,0,0,0,60,45,35,35,15,45,65,0x0,0x0,0x0,0x0,0x0,0x0,0x0,0x0,0x0,IngridSupportData|IsPointer,0x0,0x0,0x0,0x0
Dan (WyvKnt),DanName,DanDesc,0x19,WyvernKnight,Dan1Mug,NoGenericMiniMug,AffWind,25,1,14,5,3,5,2,1,7,0,0,BRank,ERank,0,0,0,0,0,70,40,55,45,20,10,25,0x0,0x0,0x0,0x0,0x0,0x0,0x40,0x0,0x0,Dan1SupportData|IsPointer,0x0,0x0,0x0,0x0
Dan (Strigoi),DanName,DanDesc,0x1a,Deathgoyle,Dan2Mug,NoGenericMiniMug,AffWind,26,1,9,6,3,4,-2,6,7,2,0,BRank,0,0,0,0,0,0,70,40,55,45,20,10,25,0x0,0x0,0x0,0x0,0x0,0x0,0x0,0x0,0x0,Dan2SupportData|IsPointer,0x0,0x0,0x0,0x0
Fraoch,FraochName,FraochDesc,0x1b,Sniper,FraochMug,NoGenericMiniMug,AffThunder,27,1,9,4,10,9,0,9,4,0,0,0,0,BRank,0,0,0,0,75,55,65,50,25,40,20,0x0,0x0,0x0,0x0,0x0,0x0,0x0,0x0,0x0,FraochSupportData|IsPointer,0x0,0x0,0x0,0x0
Karn,KarnName,KarnDesc,0x1c,Hero,KarnMug,NoGenericMiniMug,AffLight,28,1,40,7,3,3,1,3,9,1,ARank,0,CRank,0,0,0,0,0,70,45,50,35,40,30,50,0x0,0x0,0x0,0x0,0x0,0x0,0x0,0x0,0x0,KarnSupportData|IsPointer,0x0,0x0,0x0,0x0
Sonny,SonnyName,SonnyDesc,0x1d,Bard,SonnyMug,NoGenericMiniMug,AffThunder,29,1,28,2,4,8,0,4,12,0,0,0,0,0,0,0,DRank,0,55,45,30,70,15,45,90,0x0,0x0,0x0,0x0,0x0,0x0,0x0,0x0,0x0,SonnySupportData|IsPointer,0x0,0x0,0x0,0x0
Alya,AlyaName,AlyaDesc,0x1e,WyvernRider,AlyaMug,NoGenericMiniMug,AffDark,30,15,15,8,4,2,5,1,2,2,0,CRank,0,0,0,0,0,0,80,60,45,50,30,10,45,0x0,0x0,0x0,0x0,0x0,0x0,0x40,0x0,0x0,AlyaSupportData|IsPointer,0x0,0x0,0x0,0x0
Hadi,HadiName,HadiDesc,0x1f,Bishop,HadiMug,NoGenericMiniMug,AffAnima,31,2,7,7,16,12,1,12,4,0,0,0,0,0,ARank,0,CRank,0,55,30,35,30,15,50,30,0x0,0x0,0x0,0x0,0x0,0x0,0x0,0x0,0x0,HadiSupportData|IsPointer,0x0,0x0,0x0,0x0
Feidlimid,FeidlimidName,FeidlimidDesc,0x20,Sage_F,FeidlimidMug,NoGenericMiniMug,AffFire,32,4,13,8,6,7,5,5,14,-2,0,0,0,0,BRank,ARank,CRank,0,75,60,40,45,15,40,55,0x0,0x0,0x0,0x0,0x0,0x0,0x0,0x0,0x0,FeidlimidSupportData|IsPointer,0x0,0x0,0x0,0x0
Dog,DogName,DogDesc,0x21,ArchMogall,DogMug,NoGenericMiniMug,AffIce,33,1,23,13,2,8,5,1,9,1,0,0,0,0,0,0,0,ARank,70,75,40,50,20,40,45,0x0,0x0,0x0,0x0,0x0,0x0,0x40,0x20,0x0,DogSupportData|IsPointer,0x0,0x0,0x0,0x0
Volstagg,VolstaggName,VolstaggDesc,0x22,Warrior,VolstaggMug,NoGenericMiniMug,AffDark,34,2,20,8,6,4,5,3,14,0,0,0,0,0,0,0,0,0,80,50,40,30,20,15,50,0x0,0x0,0x0,0x0,0x0,0x0,0x40,0x20,0x0,VolstaggSupportData|IsPointer,0x0,0x0,0x0,0x0
Rhosyn,RhosynName,RhosynDesc,0x23,Falcoknight,RhosynMug,NoGenericMiniMug,AffWind,35,8,24,7,4,5,4,5,12,0,BRank,CRank,0,0,0,0,0,0,55,35,45,50,10,40,30,0x0,0x0,0x0,0x0,0x0,0x0,0x0,0x0,0x0,RhosynSupportData|IsPointer,0x0,0x0,0x0,0x0
Arwen,ArwenName,ArwenDesc,0x24,Valkyrie,ArwenMug,NoGenericMiniMug,AffIce,36,8,21,8,7,6,5,9,16,0,0,0,0,0,ARank,0,ARank,0,75,30,40,45,15,35,60,0x0,0x0,0x0,0x0,0x0,0x0,0x0,0x0,0x0,ArwenSupportData|IsPointer,0x0,0x0,0x0,0x0
Brent,BrentName,BrentDesc,0x25,Spartan,EoMug,NoGenericMiniMug,AffLight,37,10,31,7,6,6,8,5,10,1,ARank,ARank,0,0,0,0,0,0,80,55,35,20,25,10,40,0x0,0x0,0x0,0x0,0x0,0x0,0x0,0x0,0x0,BrentSupportData|IsPointer,0x0,0x0,0x0,0x0
Anna,Anna2Name,Anna2Desc,0x26,Berserker_F,AnnaMug,NoGenericMiniMug,AffThunder,38,12,26,13,5,5,7,6,20,-1,0,0,ARank,0,0,0,0,0,75,45,30,50,15,10,70,0x0,0x0,0x0,0x0,0x0,0x0,0x40,0x0,0x0,AnnaSupportData|IsPointer,0x0,0x0,0x0,0x0
Felix,FelixName,FelixDesc,0x27,General,FelixMug,NoGenericMiniMug,AffFire,41,10,19,7,6,7,8,9,14,1,ARank,ARank,ARank,0,0,0,0,0,70,60,30,20,70,20,35,0x0,0x0,0x0,0x0,0x0,0x0,0x0,0x0,0x0,FelixSupportData|IsPointer,0x0,0x0,0x0,0x0
Wanda,WandaName,WandaDesc,0x28,Valkyrie,WandaMug,NoGenericMiniMug,AffIce,42,10,17,14,11,16,3,12,18,0,0,0,0,0,ARank,0,ARank,0,55,55,35,65,15,50,40,0x0,0x0,0x0,0x0,0x0,0x0,0x0,0x0,0x0,WandaSupportData|IsPointer,0x0,0x0,0x0,0x0
Mystletainn,ItzharName,ItzharDesc,0x29,CursedSword,ItzharMug,NoGenericMiniMug,AffWind,43,10,27,17,12,13,7,6,4,0,SRank,0,0,0,0,0,0,0,50,50,50,50,50,50,50,0x0,0x0,0x0,0x0,0x0,0x0,0x40,0x0,0x0,MystletainnSupportData|IsPointer,0x0,0x0,0x0,0x0
Destiny,DestinyName,DestinyDesc,0x2a,Necromancer_F,DestinyMug,NoGenericMiniMug,AffDark,45,20,32,24,14,14,13,20,28,0,0,0,0,0,SRank,ARank,ARank,ARank,255,255,255,255,255,255,255,0x0,0x0,0x0,0x0,0x0,0x0,0x0,0x0,Summoning,DestinySupportData|IsPointer,0x0,0x0,0x0,0x0
,0x25c,0x2b4,0x2b,0x16,0x56,NoGenericMiniMug,0x0,43,10,45,21,20,21,11,6,0,0,0,0,0,0,0,0,0,0,50,50,50,50,50,50,50,0x0,0x0,0x0,0x0,0x0,0x0,0x40,0x0,0x0,0x0,0x0,0x0,0x0,0x0
,0x25c,0x2b4,0x2c,0x1d,0x52,NoGenericMiniMug,0x0,44,10,16,10,8,8,6,9,17,1,0,0,0,0,0,0,0,0,70,40,45,45,25,25,40,0x0,0x0,0x0,0x0,0x0,0x0,0x0,0x0,0x0,0x0,0x0,0x0,0x0,0x0
,0x25c,0x2b4,0x2d,0x41,0x0,NoGenericMiniMug,0x0,45,20,54,30,24,25,19,23,28,0,0,0,0,0,0,0,0,0,85,50,10,10,10,15,30,0x0,0x0,0x0,0x0,0x0,0x0,0x0,0x0,0x0,0x0,0x0,0x0,0x0,0x0
0x2E Enemy,0x267,0x0,0x2e,0x41,0x0,NoGenericMiniMug,0x0,0,0,0,0,0,0,0,0,0,0,0,0,0,0,0,0,0,0,85,50,10,10,10,15,30,0x0,0x0,0x0,0x0,0x0,0x0,0x0,0x0,0x0,0x0,0x0,0x0,0x0,0x0
0x2F Enemy,0x267,0x0,0x2f,0x41,0x0,NoGenericMiniMug,0x0,0,0,0,0,0,0,0,0,0,0,0,0,0,0,0,0,0,0,85,50,10,10,10,15,30,0x0,0x0,0x0,0x0,0x0,0x0,0x0,0x0,0x0,0x0,0x0,0x0,0x0,0x0
0x30 Enemy,0x267,0x0,0x30,0x41,0x0,NoGenericMiniMug,0x0,0,0,0,0,0,0,0,0,0,0,0,0,0,0,0,0,0,0,85,50,10,10,10,15,30,0x0,0x0,0x0,0x0,0x0,0x0,0x0,0x0,0x0,0x0,0x0,0x0,0x0,0x0
0x31 Enemy,0x267,0x0,0x31,0x41,0x0,NoGenericMiniMug,0x0,0,0,0,0,0,0,0,0,0,0,0,0,0,0,0,0,0,0,85,50,10,10,10,15,30,0x0,0x0,0x0,0x0,0x0,0x0,0x0,0x0,0x0,0x0,0x0,0x0,0x0,0x0
0x32 Enemy,0x267,0x0,0x32,0x41,0x0,NoGenericMiniMug,0x0,0,0,0,0,0,0,0,0,0,0,0,0,0,0,0,0,0,0,85,50,10,10,10,15,30,0x0,0x0,0x0,0x0,0x0,0x0,0x0,0x0,0x0,0x0,0x0,0x0,0x0,0x0
0x33 Enemy,0x267,0x0,0x33,0x41,0x0,NoGenericMiniMug,0x0,0,0,0,0,0,0,0,0,0,0,0,0,0,0,0,0,0,0,85,50,10,10,10,15,30,0x0,0x0,0x0,0x0,0x0,0x0,0x0,0x0,0x0,0x0,0x0,0x0,0x0,0x0
0x34 Enemy,0x267,0x0,0x34,0x41,0x0,NoGenericMiniMug,0x0,0,0,0,0,0,0,0,0,0,0,0,0,0,0,0,0,0,0,85,50,10,10,10,15,30,0x0,0x0,0x0,0x0,0x0,0x0,0x0,0x0,0x0,0x0,0x0,0x0,0x0,0x0
0x35 Enemy,0x267,0x0,0x35,0x41,0x0,NoGenericMiniMug,0x0,0,0,0,0,0,0,0,0,0,0,0,0,0,0,0,0,0,0,85,50,10,10,10,15,30,0x0,0x0,0x0,0x0,0x0,0x0,0x0,0x0,0x0,0x0,0x0,0x0,0x0,0x0
0x36 Enemy,0x267,0x0,0x36,0x41,0x0,NoGenericMiniMug,0x0,0,0,0,0,0,0,0,0,0,0,0,0,0,0,0,0,0,0,85,50,10,10,10,15,30,0x0,0x0,0x0,0x0,0x0,0x0,0x0,0x0,0x0,0x0,0x0,0x0,0x0,0x0
0x37 Enemy,0x267,0x0,0x37,0x41,0x0,NoGenericMiniMug,0x0,0,0,0,0,0,0,0,0,0,0,0,0,0,0,0,0,0,0,85,50,10,10,10,15,30,0x0,0x0,0x0,0x0,0x0,0x0,0x0,0x0,0x0,0x0,0x0,0x0,0x0,0x0
0x38 Enemy,0x267,0x0,0x38,0x41,0x0,NoGenericMiniMug,0x0,0,0,0,0,0,0,0,0,0,0,0,0,0,0,0,0,0,0,85,50,10,10,10,15,30,0x0,0x0,0x0,0x0,0x0,0x0,0x0,0x0,0x0,0x0,0x0,0x0,0x0,0x0
0x39 Enemy,0x267,0x0,0x39,0x41,0x0,NoGenericMiniMug,0x0,0,0,0,0,0,0,0,0,0,0,0,0,0,0,0,0,0,0,85,50,10,10,10,15,30,0x0,0x0,0x0,0x0,0x0,0x0,0x0,0x0,0x0,0x0,0x0,0x0,0x0,0x0
0x3A Enemy,0x267,0x0,0x3a,0x41,0x0,NoGenericMiniMug,0x0,0,0,0,0,0,0,0,0,0,0,0,0,0,0,0,0,0,0,85,50,10,10,10,15,30,0x0,0x0,0x0,0x0,0x0,0x0,0x0,0x0,0x0,0x0,0x0,0x0,0x0,0x0
Phantom1,0x2f1,0x33d,0x3b,Phantom,0x0,PhantomGenericMiniMug,0x5,46,1,0,3,2,3,0,0,20,0,0,0,71,0,0,0,0,0,0,60,45,30,0,0,60,0x0,0x0,0x0,0x0,0x0,0x0,0x0,0x0,0x0,0x0,0x0,0x0,0x0,0x0
Phantom2,0x2f1,0x33d,0x3c,Phantom,0x0,PhantomGenericMiniMug,0x0,47,18,0,0,0,0,0,0,0,0,0,0,0,0,1,0,0,71,50,30,35,32,8,40,45,0x0,0x0,0x0,0x0,0x0,0x0,0x0,0x0,0x0,0x0,0x0,0x0,0x0,0x0
Phantom3,0x2f1,0x33d,0x3d,Phantom,0x0,PhantomGenericMiniMug,0x0,48,9,0,0,0,0,0,0,0,0,0,0,0,0,1,0,0,71,50,30,35,32,8,40,45,0x0,0x0,0x0,0x0,0x0,0x0,0x0,0x0,0x0,0x0,0x0,0x0,0x0,0x0
Phantom4,0x2f1,0x33d,0x3e,Phantom,0x0,PhantomGenericMiniMug,0x5,49,1,0,2,1,2,0,0,10,0,0,0,71,0,0,0,0,0,0,50,50,40,0,0,55,0x0,0x0,0x0,0x0,0x0,0x0,0x0,0x0,0x0,0x0,0x0,0x0,0x0,0x0
Phantom5,0x2f1,0x33d,0x3f,Phantom,0x0,PhantomGenericMiniMug,0x5,50,1,0,1,2,1,0,0,0,0,0,0,71,0,0,0,0,0,0,70,40,20,0,0,40,0x0,0x0,0x0,0x0,0x0,0x0,0x0,0x0,0x0,0x0,0x0,0x0,0x0,0x0
Nathan,NathanName,NathanDesc,0x40,Brigand,NathanMug,NoGenericMiniMug,AffFire,0,3,4,2,0,1,2,1,1,0,0,0,ARank,0,0,0,0,0,0,0,0,0,0,0,0,0x0,0x0,0x0,0x0,0x0,0x0,0x80,0x0,0x0,0x0,0x0,0x0,0x0,0x0
Berner,BernerName,BernerDesc,0x41,LanceCav,BernerMug,NoGenericMiniMug,AffIce,0,4,7,3,1,1,1,-1,1,3,0,ARank,0,0,0,0,0,0,0,0,0,0,0,0,0,0x0,0x0,0x0,0x0,0x0,0x0,0x80,0x0,0x0,0x0,0x0,0x0,0x0,0x0
Skaidrite,SkaidriteName,SkaidriteDesc,0x42,Myrmidon_F,SkaidriteMug,NoGenericMiniMug,AffDark,0,5,11,5,0,-1,2,0,3,0,ARank,0,0,0,0,0,0,0,0,0,0,0,0,0,0,0x0,0x0,0x0,0x0,0x0,0x0,0x80,0x0,0x0,0x0,0x0,0x0,0x0,0x0
Ignave,IgnaveName,IgnaveDesc,0x43,Fighter,IgnaveMug,NoGenericMiniMug,AffWind,0,6,6,2,3,3,1,2,1,2,0,0,ARank,0,0,0,0,0,0,0,0,0,0,0,0,0x0,0x0,0x0,0x0,0x0,0x0,0x80,0x0,0x0,0x0,0x0,0x0,0x0,0x0
Alzoram,AlzoramName,AlzoramDesc,0x44,WyvernRider,AlzoramMug,NoGenericMiniMug,AffLight,0,8,8,3,4,1,2,3,4,1,0,ARank,0,0,0,0,0,0,0,0,0,0,0,0,0,0x0,0x0,0x0,0x0,0x0,0x0,0xc0,0x0,0x0,0x0,0x0,0x0,0x0,0x0
Merarri,MerrariName,MerrariDesc,0x45,Pirate,MerarriMug,NoGenericMiniMug,AffIce,0,8,10,8,1,2,5,3,0,0,0,0,ARank,0,0,0,0,0,0,0,0,0,0,0,0,0x0,0x0,0x0,0x0,0x0,0x0,0x80,0x0,0x0,0x0,0x0,0x0,0x0,0x0
Algrim,AlgrimName,AlgrimDesc,0x46,Berserker,AlgrimMug,NoGenericMiniMug,AffFire,0,17,20,20,20,20,20,20,20,0,0,0,ARank,0,0,0,0,0,0,0,0,0,0,0,0,0x0,0x0,0x0,0x0,0x0,0x0,0x80,0x0,0x0,0x0,0x0,0x0,0x0,0x0
Mauloch,MaulochName,MaulochDesc,0x47,Knight,MaulochMug,NoGenericMiniMug,AffThunder,0,10,9,4,3,4,3,4,2,0,ARank,ARank,ARank,0,0,0,0,0,0,0,0,0,0,0,0,0x0,0x0,0x0,0x0,0x0,0x0,0x80,0x0,0x0,0x0,0x0,0x0,0x0,0x0
Rickets,RicketsName,RicketsDesc,0x48,Bonewalker,RicketsMug,NoGenericMiniMug,AffWind,0,11,11,7,6,6,4,4,4,4,ARank,ARank,0,ARank,0,0,0,0,0,0,0,0,0,0,0,0x0,0x0,0x0,0x0,0x0,0x0,0x80,0x0,0x0,0x0,0x0,0x0,0x0,0x0
Lucio,LucioName,LucioDesc,0x49,Sage_F,LucioMug,NoGenericMiniMug,AffIce,0,1,15,7,5,4,4,7,6,1,0,0,0,0,ARank,ARank,0,ARank,0,0,0,0,0,0,0,0x0,0x0,0x0,0x0,0x0,0x0,0x80,0x0,0x0,0x0,0x0,0x0,0x0,0x0
Cyrille,CyrilleName,CyrilleDesc,0x4a,AxeCavalier_F,CyrilleMug,NoGenericMiniMug,AffFire,0,13,13,5,6,5,2,4,3,0,0,0,ARank,0,0,0,0,0,0,0,0,0,0,0,0,0x0,0x0,0x0,0x0,0x0,0x0,0x80,0x0,0x0,0x0,0x0,0x0,0x0,0x0
Blunderbuss,BlunderbussName,BlunderbussDesc,0x4b,Fleet,BlunderbussMug,NoGenericMiniMug,AffLight,0,15,16,6,4,4,3,3,1,0,0,0,0,ARank,0,0,0,0,0,0,0,0,0,0,0,0x0,0x0,0x0,0x0,0x0,0x0,0x80,0x0,0x0,0x0,0x0,0x0,0x0,0x0
Avanth,AvanthName,AvanthDesc,0x4c,Warrior,AvanthMug,NoGenericMiniMug,AffAnima,0,3,13,7,3,4,3,5,4,-1,0,0,ARank,ARank,0,0,0,0,0,0,0,0,0,0,0,0x0,0x0,0x0,0x0,0x0,0x0,0x80,0x0,0x0,0x0,0x0,0x0,0x0,0x0
Ransley,RansleyName,RansleyDesc,0x4d,Druid,RansleyMug,NoGenericMiniMug,AffThunder,0,2,15,5,2,2,3,8,6,0,0,0,0,0,ARank,ARank,0,ARank,0,0,0,0,0,0,0,0x0,0x0,0x0,0x0,0x0,0x0,0x80,0x0,0x0,0x0,0x0,0x0,0x0,0x0
Vercinge,VercingeName,VercingeDesc,0x4e,EphLord,VercingeMug,NoGenericMiniMug,AffDark,0,18,16,5,17,6,7,7,7,2,ARank,ARank,0,0,0,0,0,0,0,0,0,0,0,0,0,0x0,0x0,0x0,0x0,0x0,0x0,0x80,0x0,0x0,0x0,0x0,0x0,0x0,0x0
Diqhed,DiqhedName,DiqhedDesc,0x4f,WyvernLord,DiqhedMug,NoGenericMiniMug,AffWind,0,5,18,6,6,7,5,6,9,1,ARank,ARank,0,0,0,0,0,0,0,0,0,0,0,0,0,0x0,0x0,0x0,0x0,0x0,0x0,0x80,0x0,0x0,0x0,0x0,0x0,0x0,0x0
Esme,EsmeName,EsmeDesc,0x50,General_F,EsmeMug,NoGenericMiniMug,AffAnima,0,8,23,9,8,6,7,9,11,1,ARank,ARank,ARank,0,0,0,0,0,0,0,0,0,0,0,0,0x0,0x0,0x0,0x0,0x0,0x0,0x80,0x0,0x0,0x0,0x0,0x0,0x0,0x0
Korath,KorathName,KorathDesc,0x51,Assassin,KorathMug,NoGenericMiniMug,AffThunder,0,9,23,7,19,6,3,2,7,1,ARank,0,0,0,0,0,0,0,0,0,0,0,0,0,0,0x0,0x0,0x0,0x0,0x0,0x0,0x80,0x0,0x0,0x0,0x0,0x0,0x0,0x0
Gaburas,GaburasName,GaburasDesc,0x52,Deathgoyle,GaburasMug,MonsterGenericMiniMug,AffDark,0,8,20,6,6,8,4,8,8,0,0,ARank,0,0,0,0,0,0,0,0,0,0,0,0,0,0x0,0x0,0x0,0x0,0x0,0x0,0x80,0x0,0x0,0x0,0x0,0x0,0x0,0x0
Aswang,AswangName,AswangDesc,0x53,Bishop,AswangMug,NoGenericMiniMug,AffWind,0,10,26,14,12,12,12,2,5,1,0,0,0,0,ARank,0,ARank,0,0,0,0,0,0,0,0,0x0,0x0,0x0,0x0,0x0,0x0,0x80,0x0,0x0,0x0,0x0,0x0,0x0,0x0
Zelroth,ZelrothName,ZelrothDesc,0x54,Summoner,ZelrothMug,NoGenericMiniMug,AffIce,0,12,26,8,14,14,8,12,8,1,0,0,0,0,ARank,0,ARank,ARank,0,0,0,0,0,0,0,0x0,0x0,0x0,0x0,0x0,0x0,0x0,0x0,Summoning,0x0,0x0,0x0,0x0,0x0
Wulfric,WulfricName,WulfricDesc,0x55,MageKnight,WulfricMug,NoGenericMiniMug,AffLight,0,12,31,12,12,11,8,10,6,1,0,0,0,0,ARank,ARank,0,0,0,0,0,0,0,0,0,0x0,0x0,0x0,0x0,0x0,0x0,0x80,0x0,0x0,0x0,0x0,0x0,0x0,0x0
Floorentius,FloorentiusName,FloorentiusDesc,0x56,GreatKnight,FloorentiusMug,NoGenericMiniMug,AffDark,0,12,22,3,9,11,1,13,7,2,ARank,ARank,ARank,0,0,0,0,0,0,0,0,0,0,0,0,0x0,0x0,0x0,0x0,0x0,0x0,0x80,0x0,0x0,0x0,0x0,0x0,0x0,0x0
Algrim,AlgrimName,AlgrimDesc,0x57,Berserker,AlgrimMug2,NoGenericMiniMug,AffFire,0,15,31,12,8,4,18,10,6,1,0,0,ARank,0,0,0,0,0,0,0,0,0,0,0,0,0x0,0x0,0x0,0x0,0x0,0x0,0x80,0x0,0x0,0x0,0x0,0x0,0x0,0x0
Zephyr,ZephyrName,ZephyrDesc,0x58,Templar,ZephyrMug,NoGenericMiniMug,AffLight,0,17,42,19,13,14,13,3,8,1,0,0,0,0,ARank,0,ARank,0,0,0,0,0,0,0,0,0x0,0x0,0x0,0x0,0x0,0x0,0x80,0x0,0x0,0x0,0x0,0x0,0x0,0x0
Godfrey,GodfreyName,GodfreyDesc,0x59,General,GodfreyMug,NoGenericMiniMug,AffAnima,0,18,29,7,13,16,2,14,11,0,ARank,ARank,ARank,0,0,0,0,0,0,0,0,0,0,0,0,0x0,0x0,0x0,0x0,0x0,0x0,0x80,0x0,0x0,0x0,0x0,0x0,0x0,0x0
Heinrik,HeinrikName,HeinrikDesc,0x5a,Spartan,HeinrikMug,NoGenericMiniMug,AffWind,0,18,43,18,11,6,18,12,2,1,ARank,ARank,0,0,0,0,0,0,0,0,0,0,0,0,0,0x0,0x0,0x0,0x0,0x0,0x0,0x80,0x0,0x0,0x0,0x0,0x0,0x0,0x0
Lucio,LucioName,LucioDesc2,0x5b,Sage,LucioMug2,NoGenericMiniMug,AffIce,0,20,49,17,14,11,17,8,2,2,0,0,0,0,SRank,SRank,SRank,SRank,0,0,0,0,0,0,0,0x0,0x0,0x0,0x0,0x0,0x0,0x80,0x0,0x0,0x0,0x0,0x0,0x0,0x0
Esme,EsmeName,EsmeDesc2,0x5c,General_F,EsmeMug2,NoGenericMiniMug,AffAnima,0,20,30,11,9,13,3,14,0,1,SRank,SRank,SRank,0,0,0,0,0,0,0,0,0,0,0,0,0x0,0x0,0x0,0x0,0x0,0x0,0x80,0x0,0x0,0x0,0x0,0x0,0x0,0x0
Korath,KorathName,KorathDesc2,0x5d,Assassin,KorathMug2,NoGenericMiniMug,AffThunder,0,20,40,17,7,0,25,13,0,1,SRank,0,0,0,0,0,0,0,0,0,0,0,0,0,0,0x0,0x0,0x0,0x0,0x0,0x0,0x80,0x0,0x0,0x0,0x0,0x0,0x0,0x0
Wulfric,WulfricName,WulfricDesc2,0x5e,MageKnight,WulfricMug2,NoGenericMiniMug,AffLight,0,20,33,15,17,15,13,9,0,1,0,0,0,0,SRank,SRank,SRank,SRank,0,0,0,0,0,0,0,0x0,0x0,0x0,0x0,0x0,0x0,0x80,0x0,0x0,0x0,0x0,0x0,0x0,0x0
Aswang,AswangName,AswangDesc2,0x5f,Bishop,AswangMug2,NoGenericMiniMug,AffWind,0,20,30,13,21,24,14,7,0,1,0,0,0,0,SRank,SRank,SRank,SRank,0,0,0,0,0,0,0,0x0,0x0,0x0,0x0,0x0,0x0,0x80,0x0,0x0,0x0,0x0,0x0,0x0,0x0
Zelroth,ZelrothName,ZelrothDesc2,0x60,Summoner,ZelrothMug2,NoGenericMiniMug,AffIce,0,20,36,13,18,18,13,17,0,1,0,0,0,0,SRank,SRank,SRank,SRank,0,0,0,0,0,0,0,0x0,0x0,0x0,0x0,0x0,0x0,0x80,0x0,Summoning,0x0,0x0,0x0,0x0,0x0
Floorentius,FloorentiusName,FloorentiusDesc2,0x61,GreatKnight,FloorentiusMug2,NoGenericMiniMug,AffDark,0,20,20,35,10,12,15,7,17,1,SRank,SRank,SRank,0,0,0,0,0,0,0,0,0,0,0,0,0x0,0x0,0x0,0x0,0x0,0x0,0x80,0x0,0x0,0x0,0x0,0x0,0x0,0x0
Diqhed,DiqhedName,DiqhedDesc2,0x62,WyvernLord,DiqhedMug2,NoGenericMiniMug,AffWind,0,20,32,9,14,12,8,19,0,2,SRank,SRank,0,0,0,0,0,0,0,0,0,0,0,0,0,0x0,0x0,0x0,0x0,0x0,0x0,0x80,0x0,0x0,0x0,0x0,0x0,0x0,0x0
Algrim,AlgrimName,AlgrimDesc2,0x63,Berserker,AlgrimMug3,NoGenericMiniMug,AffFire,0,20,34,16,5,5,20,13,0,1,0,0,SRank,0,0,0,0,0,0,0,0,0,0,0,0,0x0,0x0,0x0,0x0,0x0,0x0,0x80,0x0,0x0,0x0,0x0,0x0,0x0,0x0
Tempest,TempestName,TempestDesc,0x64,Manakete_2,TempestMug,NoGenericMiniMug,AffAnima,0,20,44,29,18,17,21,17,0,1,0,0,0,0,0,0,0,0,0,0,0,0,0,0,0,0x0,0x0,0x0,0x0,0x0,0x0,0x0,0x0,0x0,0x0,0x0,0x0,0x0,0x0
Tomorsiif,TomorsiifName,TomorsiifDesc,0x65,DemonKing,TomorsiifMug,NoGenericMiniMug,AffDark,0,20,-35,-3,0,-3,-20,-15,5,0,0,0,0,0,0,0,0,0,0,0,0,0,0,0,0,0x0,0x0,0x0,0x0,0x0,0x0,0x0,0x0,0x0,0x0,0x0,0x0,0x0,0x0
Mizuki,MizukiName,MizukiDesc,0x66,Archsage_F,MizukiMug,NoGenericMiniMug,AffLight,0,20,102,16,16,14,22,17,10,0,0,0,0,0,SRank,SRank,SRank,SRank,0,0,0,0,0,0,0,0x0,0x0,0x0,0x0,0x0,0x0,0x0,0x0,0x0,0x0,0x0,0x0,0x0,0x0
0x67 Bandit,0x24f,0x2ad,0x67,0x41,0x4d,NoGenericMiniMug,0x0,0x0,1,0,0,0,0,0,0,0,0,0,0,0,0,0,0,0,0,60,20,30,35,15,15,25,0x0,0x0,0x0,0x0,0x0,0x0,0x0,0x0,0x0,0x0,0x0,0x0,0x0,0x0
0x68 O'Neill,0x249,0x2a3,0x68,0x3f,0x30,NoGenericMiniMug,0x1,0x0,4,3,1,2,3,0,0,0,0,0,0,71,0,0,0,0,0,85,50,10,10,10,15,30,0x0,0x0,0x0,0x0,0x0,0x0,0x80,0x0,0x0,0x0,0x0,0x0,0x0,0x0
0x69 Glen,0x24a,0x2a4,0x69,0x21,0x4b,NoGenericMiniMug,0x3,0x0,12,21,11,12,6,8,4,7,1,121,181,0,0,0,0,0,0,85,50,10,10,10,15,30,0x0,0x0,0x0,0x0,0x0,0x0,0x80,0x0,0x0,0x0,0x0,0x0,0x0,0x0
0x6A Zonta,0x24b,0x2a5,0x6a,0xf,0x35,NoGenericMiniMug,0x6,0x0,8,7,5,0,1,2,6,4,0,71,0,0,0,0,0,0,0,85,50,10,10,10,15,30,0x0,0x0,0x0,0x0,0x0,0x0,0x80,0x0,0x0,0x0,0x0,0x0,0x0,0x0
0x6B Vigarde,0x24c,0x2a6,0x6b,0xb,0x40,NoGenericMiniMug,0x7,0x0,13,31,13,10,8,7,9,9,2,181,251,181,0,0,0,0,0,85,50,10,10,10,15,30,0x0,0x0,0x0,0x0,0x0,0x0,0x80,0x0,0x0,0x0,0x0,0x0,0x0,0x0
0x6C Lyon,0x234,0x2a7,0x6c,0x4f,0x4a,NoGenericMiniMug,0x4,0x0,18,55,20,15,10,23,21,9,0,0,0,0,0,181,0,0,251,60,20,30,35,15,15,25,0x0,0x0,0x0,0x0,0x0,0x0,0x80,0x0,0x0,0x0,0x0,0x0,0x0,0x0
0x6D Orson,0x236,0x2a8,0x6d,0x7,0x44,NoGenericMiniMug,0x5,0x0,13,25,11,11,7,6,8,6,1,181,181,0,0,0,0,0,0,60,20,30,35,15,15,25,0x0,0x0,0x0,0x0,0x0,0x0,0x80,0x0,0x0,0x0,0x0,0x0,0x0,0x0
Ch0,OutlawName,OutlawDesc,0x6e,0x41,0x0,BanditGenericMiniMug,0x0,0x0,0,0,0,-1,-2,0,0,0,-2,0,0,0,0,0,0,0,0,60,20,30,35,15,15,25,0x0,0x0,0x0,0x0,0x0,0x0,0x0,0x0,0x0,0x0,0x0,0x0,0x0,0x0
Ch0,OutlawName,OutlawDesc,0x6f,0x41,0x0,BanditGenericMiniMug,0x0,0x0,0,0,0,0,0,0,0,0,0,0,0,0,0,0,0,0,0,60,20,30,35,15,15,25,0x0,0x0,0x0,0x0,0x0,0x0,0x0,0x0,0x0,0x0,0x0,0x0,0x0,0x0
Ch1,ConavellName,ConavellDesc,0x70,0x41,0x0,SoldierGenericMiniMug,0x0,0x0,0,0,0,0,0,0,0,0,0,0,0,0,0,0,0,0,0,60,20,30,35,15,15,25,0x0,0x0,0x0,0x0,0x0,0x0,0x0,0x0,0x0,0x0,0x0,0x0,0x0,0x0
Ch1,MonsterName,MonsterDesc,0x71,0x41,0x0,MonsterGenericMiniMug,0x0,0x0,0,0,0,0,0,0,0,0,0,0,0,0,0,0,0,0,0,60,20,30,35,15,15,25,0x0,0x0,0x0,0x0,0x0,0x0,0x0,0x0,0x0,0x0,0x0,0x0,0x0,0x0
Ch2,ConavellName,ConavellDesc,0x72,0x41,0x0,SoldierGenericMiniMug,0x0,0x0,0,0,0,0,0,0,0,0,0,0,0,0,0,0,0,0,0,60,20,30,35,15,15,25,0x0,0x0,0x0,0x0,0x0,0x0,0x0,0x0,0x0,0x0,0x0,0x0,0x0,0x0
Ch2,SteelheartName,SteelheartDesc,0x73,0x41,0x0,SoldierGenericMiniMug,0x0,0x0,0,0,0,0,0,0,0,0,0,0,0,0,0,0,0,0,0,60,20,30,35,15,15,25,0x0,0x0,0x0,0x0,0x0,0x0,0x0,0x0,0x0,0x0,0x0,0x0,0x0,0x0
Ch3,ConavellName,ConavellDesc,0x74,0x41,0x0,SoldierGenericMiniMug,0x0,0x0,0,0,0,0,0,0,0,0,0,0,0,0,0,0,0,0,0,60,20,30,35,15,15,25,0x0,0x0,0x0,0x0,0x0,0x0,0x0,0x0,0x0,0x0,0x0,0x0,0x0,0x0
Ch3,ConavellName,ConavellDesc,0x75,0x41,0x0,SoldierGenericMiniMug,0x0,0x0,0,0,0,0,0,0,0,0,0,0,0,0,0,0,0,0,0,60,20,30,35,15,15,25,0x0,0x0,0x0,0x0,0x0,0x0,0x0,0x0,0x0,0x0,0x0,0x0,0x0,0x0
Ch4,ConavellName,ConavellDesc,0x76,0x41,0x0,SoldierGenericMiniMug,0x0,0x0,0,0,0,0,0,0,0,0,0,0,0,0,0,0,0,0,0,60,20,30,35,15,15,25,0x0,0x0,0x0,0x0,0x0,0x0,0x0,0x0,0x0,0x0,0x0,0x0,0x0,0x0
Ch4,OutlawName,OutlawDesc,0x77,0x41,0x0,BanditGenericMiniMug,0x0,0x0,0,0,0,0,0,0,0,0,0,0,0,0,0,0,0,0,0,60,20,30,35,15,15,25,0x0,0x0,0x0,0x0,0x0,0x0,0x0,0x0,0x0,0x0,0x0,0x0,0x0,0x0
Ch5,OutlawName,OutlawDesc,0x78,0x41,0x0,BanditGenericMiniMug,0x0,0x0,0,0,0,0,0,0,0,0,0,0,0,0,0,0,0,0,0,60,20,30,35,15,15,25,0x0,0x0,0x0,0x0,0x0,0x0,0x0,0x0,0x0,0x0,0x0,0x0,0x0,0x0
Ch5,OutlawName,OutlawDesc,0x79,0x41,0x0,BanditGenericMiniMug,0x0,0x0,0,0,0,0,0,0,0,0,0,0,0,0,0,0,0,0,0,60,20,30,35,15,15,25,0x0,0x0,0x0,0x0,0x0,0x0,0x0,0x0,0x0,0x0,0x0,0x0,0x0,0x0
Ch6,GrimoireName,GrimoireDesc,0x7a,0x41,0x0,SoldierGenericMiniMug,0x0,0x0,0,0,0,0,0,0,0,0,0,0,0,0,0,0,0,0,0,60,20,30,35,15,15,25,0x0,0x0,0x0,0x0,0x0,0x0,0x0,0x0,0x0,0x0,0x0,0x0,0x0,0x0
Ch6,ConavellName,ConavellDesc,0x7b,0x41,0x0,SoldierGenericMiniMug,0x0,0x0,0,0,0,0,0,0,0,0,0,0,0,0,0,0,0,0,0,60,20,30,35,15,15,25,0x0,0x0,0x0,0x0,0x0,0x0,0x0,0x0,0x0,0x0,0x0,0x0,0x0,0x0
Ch7,ConavellName,ConavellDesc,0x7c,0x41,0x0,SoldierGenericMiniMug,0x0,0x0,0,0,0,0,0,0,0,0,0,0,0,0,0,0,0,0,0,60,20,30,35,15,15,25,0x0,0x0,0x0,0x0,0x0,0x0,0x0,0x0,0x0,0x0,0x0,0x0,0x0,0x0
Ch7,PrivateerName,PrivateerDesc,0x7d,0x41,0x0,SoldierGenericMiniMug,0x0,0x0,0,0,0,0,0,0,0,0,0,0,0,0,0,0,0,0,0,60,20,30,35,15,15,25,0x0,0x0,0x0,0x0,0x0,0x0,0x0,0x0,0x0,0x0,0x0,0x0,0x0,0x0
Ch8,ConavellName,ConavellDesc,0x7e,0x41,0x0,SoldierGenericMiniMug,0x0,0x0,0,0,0,0,0,0,0,0,0,0,0,0,0,0,0,0,0,60,20,30,35,15,15,25,0x0,0x0,0x0,0x0,0x0,0x0,0x0,0x0,0x0,0x0,0x0,0x0,0x0,0x0
Ch8,MonsterName,MonsterDesc,0x7f,0x5,0x0,MonsterGenericMiniMug,0x0,0x0,1,3,2,1,2,2,0,1,0,0,0,0,0,0,0,0,0,60,20,30,35,15,15,25,0x0,0x0,0x0,0x0,0x0,0x0,0x0,0x0,0x0,0x0,0x0,0x0,0x0,0x0
Ch9,ConavellName,ConavellDesc,0x80,0x3f,0x0,SoldierGenericMiniMug,0x0,0x0,1,0,0,0,0,0,0,0,0,0,0,0,0,0,0,0,0,60,20,30,35,15,15,25,0x0,0x0,0x0,0x0,0x0,0x0,0x0,0x0,0x0,0x0,0x0,0x0,0x0,0x0
Ch9,UstranaName,UstranaDesc,0x81,0x19,0x0,SoldierGenericMiniMug,0x0,0x0,1,0,0,0,0,0,0,0,0,0,0,0,0,0,0,0,0,60,20,30,35,15,15,25,0x0,0x0,0x0,0x0,0x0,0x0,0x0,0x0,0x0,0x0,0x0,0x0,0x0,0x0
Ch10,ConavellName,ConavellDesc,0x82,0x3f,0x0,SoldierGenericMiniMug,0x0,0x0,1,2,0,-1,-3,3,0,0,0,0,0,0,0,0,0,0,0,60,20,30,35,15,15,25,0x0,0x0,0x0,0x0,0x0,0x0,0x0,0x0,0x0,0x0,0x0,0x0,0x0,0x0
Ch10,UstranaName,UstranaDesc,0x83,0x4e,0x0,SoldierGenericMiniMug,0x0,0x0,1,0,0,0,0,0,0,0,0,0,0,0,0,0,0,0,0,60,20,30,35,15,15,25,0x0,0x0,0x0,0x0,0x0,0x0,0x0,0x0,0x0,0x0,0x0,0x0,0x0,0x0
Ch11,WyrmlandName,WyrmlandDesc,0x84,0x9,0x0,SoldierGenericMiniMug,0x0,0x0,1,0,0,0,0,0,0,0,0,0,0,0,0,0,0,0,0,60,20,30,35,15,15,25,0x0,0x0,0x0,0x0,0x0,0x0,0x0,0x0,0x0,0x0,0x0,0x0,0x0,0x0
Ch11,WyrmlandName,WyrmlandDesc,0x85,0x5,0x0,SoldierGenericMiniMug,0x0,0x0,1,0,0,0,0,0,0,0,0,0,0,0,0,0,0,0,0,60,20,30,35,15,15,25,0x0,0x0,0x0,0x0,0x0,0x0,0x0,0x0,0x0,0x0,0x0,0x0,0x0,0x0
Ch12,WyrmlandName,WyrmlandDesc,0x86,0x13,0x0,SoldierGenericMiniMug,0x0,0x0,1,0,0,0,0,0,0,0,0,0,0,0,0,0,0,0,0,60,20,30,35,15,15,25,0x0,0x0,0x0,0x0,0x0,0x0,0x0,0x0,0x0,0x0,0x0,0x0,0x0,0x0
Ch12,WyrmlandName,WyrmlandDesc,0x87,0xf,0x0,SoldierGenericMiniMug,0x0,0x0,1,0,0,0,0,0,0,0,0,0,0,0,0,0,0,0,0,60,20,30,35,15,15,25,0x0,0x0,0x0,0x0,0x0,0x0,0x0,0x0,0x0,0x0,0x0,0x0,0x0,0x0
Ch13,WyrmlandName,WyrmlandDesc,0x88,0xd,0x0,SoldierGenericMiniMug,0x0,0x0,1,0,0,0,0,0,0,0,0,0,0,0,0,0,0,0,0,60,20,30,35,15,15,25,0x0,0x0,0x0,0x0,0x0,0x0,0x0,0x0,0x0,0x0,0x0,0x0,0x0,0x0
Ch13,WyrmlandName,WyrmlandDesc,0x89,0x25,0x0,SoldierGenericMiniMug,0x0,0x0,1,0,0,0,0,0,0,0,0,0,0,0,0,0,0,0,0,60,20,30,35,15,15,25,0x0,0x0,0x0,0x0,0x0,0x0,0x0,0x0,0x0,0x0,0x0,0x0,0x0,0x0
Ch14,UstranaName,UstranaDesc,0x8a,0x44,0x0,SoldierGenericMiniMug,0x0,0x0,1,0,0,0,0,0,0,0,0,0,0,0,0,0,0,0,0,60,20,30,35,15,15,25,0x0,0x0,0x0,0x0,0x0,0x0,0x0,0x0,0x0,0x0,0x0,0x0,0x0,0x0
Ch14,WyrmlandName,WyrmlandDesc,0x8b,0x2d,0x0,SoldierGenericMiniMug,0x0,0x0,1,0,0,0,0,0,0,0,0,0,0,0,0,0,0,0,0,60,20,30,35,15,15,25,0x0,0x0,0x0,0x0,0x0,0x0,0x0,0x0,0x0,0x0,0x0,0x0,0x0,0x0
Ch15,UstranaName,UstranaDesc,0x8c,0x4b,0x0,SoldierGenericMiniMug,0x0,0x0,1,0,0,0,0,0,0,0,0,0,0,0,0,0,0,0,0,60,20,30,35,15,15,25,0x0,0x0,0x0,0x0,0x0,0x0,0x40,0x0,0x0,0x0,0x0,0x0,0x0,0x0
Ch15,MonsterName,MonsterDesc,0x8d,0x9,0x0,MonsterGenericMiniMug,0x0,0x0,1,0,0,0,0,0,0,0,0,0,0,0,0,0,0,0,0,60,20,30,35,15,15,25,0x0,0x0,0x0,0x0,0x0,0x0,0x0,0x0,0x0,0x0,0x0,0x0,0x0,0x0
Ch16,UstranaName,UstranaDesc,0x8e,0x41,0x0,SoldierGenericMiniMug,0x0,0x0,1,0,0,0,0,0,0,0,0,0,0,0,0,0,0,0,0,60,20,30,35,15,15,25,0x0,0x0,0x0,0x0,0x0,0x0,0x0,0x0,0x0,0x0,0x0,0x0,0x0,0x0
Ch16,WyrmlandName,WyrmlandDesc,0x8f,0x5,0x0,SoldierGenericMiniMug,0x0,0x0,1,0,0,0,0,0,0,0,0,0,0,0,0,0,0,0,0,60,20,30,35,15,15,25,0x0,0x0,0x0,0x0,0x0,0x0,0x0,0x0,0x0,0x0,0x0,0x0,0x0,0x0
Ch17,UstranaName,UstranaDesc,0x90,0x2d,0x0,SoldierGenericMiniMug,0x0,0x0,1,0,0,0,0,0,0,0,0,0,0,0,0,0,0,0,0,60,20,30,35,15,15,25,0x0,0x0,0x0,0x0,0x0,0x0,0x0,0x0,0x0,0x0,0x0,0x0,0x0,0x0
Ch17,MonsterName,MonsterDesc,0x91,0x25,0x0,MonsterGenericMiniMug,0x0,0x0,1,0,0,0,0,0,0,0,0,0,0,0,0,0,0,0,0,60,20,30,35,15,15,25,0x0,0x0,0x0,0x0,0x0,0x0,0x0,0x0,0x0,0x0,0x0,0x0,0x0,0x0
Ch18,GrimoireName,GrimoireDesc,0x92,0x41,0x0,SoldierGenericMiniMug,0x0,0x0,0,0,0,0,0,0,0,0,0,0,0,0,0,0,0,0,0,0,0,0,0,0,0,0,0x0,0x0,0x0,0x0,0x0,0x0,0x0,0x0,0x0,0x0,0x0,0x0,0x0,0x0
Ch18,UstranaName,UstranaDesc,0x93,0x41,0x0,SoldierGenericMiniMug,0x0,0x0,0,0,0,0,0,0,0,0,0,0,0,0,0,0,0,0,0,0,0,0,0,0,0,0,0x0,0x0,0x0,0x0,0x0,0x0,0x0,0x0,0x0,0x0,0x0,0x0,0x0,0x0
Ch19,RemnantName,RemnantDesc,0x94,0x41,0x0,SoldierGenericMiniMug,0x0,0x0,0,0,0,0,0,0,0,0,0,0,0,0,0,0,0,0,0,0,0,0,0,0,0,0,0x0,0x0,0x0,0x0,0x0,0x0,0x0,0x0,0x0,0x0,0x0,0x0,0x0,0x0
Ch19,UstranaName,UstranaDesc,0x95,0x41,0x0,SoldierGenericMiniMug,0x0,0x0,0,0,0,0,0,0,0,0,0,0,0,0,0,0,0,0,0,0,0,0,0,0,0,0,0x0,0x0,0x0,0x0,0x0,0x0,0x0,0x0,0x0,0x0,0x0,0x0,0x0,0x0
Ch20,RemnantName,RemnantDesc,0x96,0x41,0x0,SoldierGenericMiniMug,0x0,0x0,0,0,0,0,0,0,0,0,0,0,0,0,0,0,0,0,0,0,0,0,0,0,0,0,0x0,0x0,0x0,0x0,0x0,0x0,0x0,0x0,0x0,0x0,0x0,0x0,0x0,0x0
Ch20,MonsterName,MonsterDesc,0x97,0x41,0x0,MonsterGenericMiniMug,0x0,0x0,0,0,0,0,0,0,0,0,0,0,0,0,0,0,0,0,0,0,0,0,0,0,0,0,0x0,0x0,0x0,0x0,0x0,0x0,0x0,0x0,0x0,0x0,0x0,0x0,0x0,0x0
Ch21,HolyArmyName,HolyArmyDesc,0x98,0x41,0x0,MonsterGenericMiniMug,0x0,0x0,0,0,0,0,0,0,0,0,0,0,0,0,0,0,0,0,0,0,0,0,0,0,0,0,0x0,0x0,0x0,0x0,0x0,0x0,0x0,0x0,0x0,0x0,0x0,0x0,0x0,0x0
Ch21,RemnantName,RemnantDesc,0x99,0x41,0x0,SoldierGenericMiniMug,0x0,0x0,0,0,0,0,0,0,0,0,0,0,0,0,0,0,0,0,0,0,0,0,0,0,0,0,0x0,0x0,0x0,0x0,0x0,0x0,0x0,0x0,0x0,0x0,0x0,0x0,0x0,0x0
Ch21x,HolyArmyName,HolyArmyDesc,0x9a,0x41,0x0,MonsterGenericMiniMug,0x0,0x0,0,0,0,0,0,0,0,0,0,0,0,0,0,0,0,0,0,0,0,0,0,0,0,0,0x0,0x0,0x0,0x0,0x0,0x0,0x0,0x0,0x0,0x0,0x0,0x0,0x0,0x0
0x9B Enemy,0x24d,0x2a9,0x9b,0x41,0x0,NoGenericMiniMug,0x0,0x0,0,0,0,0,0,0,0,0,0,0,0,0,0,0,0,0,0,0,0,0,0,0,0,0,0x0,0x0,0x0,0x0,0x0,0x0,0x0,0x0,0x0,0x0,0x0,0x0,0x0,0x0
0x9C Enemy,0x24d,0x2a9,0x9c,0x41,0x0,NoGenericMiniMug,0x0,0x0,0,0,0,0,0,0,0,0,0,0,0,0,0,0,0,0,0,0,0,0,0,0,0,0,0x0,0x0,0x0,0x0,0x0,0x0,0x0,0x0,0x0,0x0,0x0,0x0,0x0,0x0
0x9D Enemy,0x24d,0x2a9,0x9d,0x41,0x0,NoGenericMiniMug,0x0,0x0,0,0,0,0,0,0,0,0,0,0,0,0,0,0,0,0,0,0,0,0,0,0,0,0,0x0,0x0,0x0,0x0,0x0,0x0,0x0,0x0,0x0,0x0,0x0,0x0,0x0,0x0
0x9E Enemy,0x24d,0x2a9,0x9e,0x41,0x0,NoGenericMiniMug,0x0,0x0,0,0,0,0,0,0,0,0,0,0,0,0,0,0,0,0,0,0,0,0,0,0,0,0,0x0,0x0,0x0,0x0,0x0,0x0,0x0,0x0,0x0,0x0,0x0,0x0,0x0,0x0
0x9F Enemy,0x24d,0x2a9,0x9f,0x41,0x0,NoGenericMiniMug,0x0,0x0,0,0,0,0,0,0,0,0,0,0,0,0,0,0,0,0,0,0,0,0,0,0,0,0,0x0,0x0,0x0,0x0,0x0,0x0,0x0,0x0,0x0,0x0,0x0,0x0,0x0,0x0
Ch10,SupplyBoatName,SupplyBoatDesc,0xa0,0x41,0x0,SoldierGenericMiniMug,0x0,0x0,0,0,0,0,0,0,0,0,0,0,0,0,0,0,0,0,0,0,0,0,0,0,0,0,0x0,0x0,0x0,0x0,0x0,0x0,0x0,0x0,0x0,0x0,0x0,0x0,0x0,0x0
Ch10,SupplyBoatName,SupplyBoatDesc,0xa1,0x41,0x0,SoldierGenericMiniMug,0x0,0x0,0,0,0,0,0,0,0,0,0,0,0,0,0,0,0,0,0,0,0,0,0,0,0,0,0x0,0x0,0x0,0x0,0x0,0x0,0x0,0x0,0x0,0x0,0x0,0x0,0x0,0x0
Ch10,SupplyBoatName,SupplyBoatDesc,0xa2,0x41,0x0,SoldierGenericMiniMug,0x0,0x0,0,0,0,0,0,0,0,0,0,0,0,0,0,0,0,0,0,0,0,0,0,0,0,0,0x0,0x0,0x0,0x0,0x0,0x0,0x0,0x0,0x0,0x0,0x0,0x0,0x0,0x0
Ch10,SupplyBoatName,SupplyBoatDesc,0xa3,0x41,0x0,SoldierGenericMiniMug,0x0,0x0,0,0,0,0,0,0,0,0,0,0,0,0,0,0,0,0,0,0,0,0,0,0,0,0,0x0,0x0,0x0,0x0,0x0,0x0,0x0,0x0,0x0,0x0,0x0,0x0,0x0,0x0
Ch10,SupplyBoatName,SupplyBoatDesc,0xa4,0x41,0x0,SoldierGenericMiniMug,0x0,0x0,0,0,0,0,0,0,0,0,0,0,0,0,0,0,0,0,0,0,0,0,0,0,0,0,0x0,0x0,0x0,0x0,0x0,0x0,0x0,0x0,0x0,0x0,0x0,0x0,0x0,0x0
0xA5 Enemy,0x24d,0x2a9,0xa5,0x41,0x0,0x3,0x0,0x0,0,0,0,0,0,0,0,0,0,0,0,0,0,0,0,0,0,0,0,0,0,0,0,0,0x0,0x0,0x0,0x0,0x0,0x0,0x0,0x0,0x0,0x0,0x0,0x0,0x0,0x0
0xA6 Enemy,0x24d,0x2a9,0xa6,0x41,0x0,0x3,0x0,0x0,0,0,0,0,0,0,0,0,0,0,0,0,0,0,0,0,0,0,0,0,0,0,0,0,0x0,0x0,0x0,0x0,0x0,0x0,0x0,0x0,0x0,0x0,0x0,0x0,0x0,0x0
0xA7 Mercenary,0x24d,0x2a9,0xa7,0xf,0x0,0x3,0x0,0x0,1,0,0,0,0,0,0,0,0,0,0,0,0,0,0,0,0,60,20,30,35,15,15,25,0x0,0x0,0x0,0x0,0x0,0x0,0x0,0x0,0x0,0x0,0x0,0x0,0x0,0x0
0xA8 Sellsword,0x24d,0x2a9,0xa8,0xf,0x0,0x3,0x0,0x0,1,0,0,0,0,0,0,0,0,0,0,0,0,0,0,0,0,60,20,30,35,15,15,25,0x0,0x0,0x0,0x0,0x0,0x0,0x0,0x0,0x0,0x0,0x0,0x0,0x0,0x0
0xA9 Remnant,0x24d,0x2a9,0xa9,0xf,0x0,0x3,0x0,0x0,1,0,0,0,0,0,0,0,0,0,0,0,0,0,0,0,0,60,20,30,35,15,15,25,0x0,0x0,0x0,0x0,0x0,0x0,0x0,0x0,0x0,0x0,0x0,0x0,0x0,0x0
0xAA Monster,0x24d,0x2a9,0xaa,0x52,0x0,0x3,0x5,0x0,1,0,0,0,0,0,0,0,0,0,0,0,0,0,0,0,0,60,20,30,35,15,15,25,0x0,0x0,0x0,0x0,0x0,0x0,0x0,0x0,0x0,0x0,0x0,0x0,0x0,0x0
0xAB Monster,0x24d,0x2a9,0xab,0x53,0x0,0x3,0x5,0x0,1,0,0,0,0,0,0,0,0,0,0,0,0,0,0,0,0,60,20,30,35,15,15,25,0x0,0x0,0x0,0x0,0x0,0x0,0x0,0x0,0x0,0x0,0x0,0x0,0x0,0x0
0xAC Monster,0x24d,0x2a9,0xac,0x54,0x0,0x3,0x5,0x0,1,0,0,0,0,0,0,0,0,0,0,0,0,0,0,0,0,60,20,30,35,15,15,25,0x0,0x0,0x0,0x0,0x0,0x0,0x0,0x0,0x0,0x0,0x0,0x0,0x0,0x0
0xAD Monster,0x24d,0x2a9,0xad,0x55,0x0,0x3,0x5,0x0,1,0,0,0,0,0,0,0,0,0,0,0,0,0,0,0,0,60,20,30,35,15,15,25,0x0,0x0,0x0,0x0,0x0,0x0,0x0,0x0,0x0,0x0,0x0,0x0,0x0,0x0
0xAE Monster,0x24d,0x2a9,0xae,0x56,0x0,0x3,0x5,0x0,1,0,0,0,0,0,0,0,0,0,0,0,0,0,0,0,0,60,20,30,35,15,15,25,0x0,0x0,0x0,0x0,0x0,0x0,0x0,0x0,0x0,0x0,0x0,0x0,0x0,0x0
0xAF Monster,0x24d,0x2a9,0xaf,0x57,0x0,0x3,0x5,0x0,1,0,0,0,0,0,0,0,0,0,0,0,0,0,0,0,0,60,20,30,35,15,15,25,0x0,0x0,0x0,0x0,0x0,0x0,0x0,0x0,0x0,0x0,0x0,0x0,0x0,0x0
0xB0 Monster,0x24d,0x2a9,0xb0,0x58,0x0,0x3,0x5,0x0,1,0,0,0,0,0,0,0,0,0,0,0,0,0,0,0,0,60,20,30,35,15,15,25,0x0,0x0,0x0,0x0,0x0,0x0,0x0,0x0,0x0,0x0,0x0,0x0,0x0,0x0
0xB1 Monster,0x24d,0x2a9,0xb1,0x59,0x0,0x3,0x5,0x0,1,0,0,0,0,0,0,0,0,0,0,0,0,0,0,0,0,60,20,30,35,15,15,25,0x0,0x0,0x0,0x0,0x0,0x0,0x0,0x0,0x0,0x0,0x0,0x0,0x0,0x0
0xB2 Monster,0x24d,0x2a9,0xb2,0x5a,0x0,0x3,0x5,0x0,1,0,0,0,0,0,0,0,0,0,0,0,0,0,0,0,0,60,20,30,35,15,15,25,0x0,0x0,0x0,0x0,0x0,0x0,0x0,0x0,0x0,0x0,0x0,0x0,0x0,0x0
0xB3 Monster,0x24d,0x2a9,0xb3,0x5b,0x0,0x3,0x5,0x0,1,0,0,0,0,0,0,0,0,0,0,0,0,0,0,0,0,60,20,30,35,15,15,25,0x0,0x0,0x0,0x0,0x0,0x0,0x0,0x0,0x0,0x0,0x0,0x0,0x0,0x0
0xB4 Monster,0x24d,0x2a9,0xb4,0x5c,0x0,0x3,0x5,0x0,1,0,0,0,0,0,0,0,0,0,0,0,0,0,0,0,0,60,20,30,35,15,15,25,0x0,0x0,0x0,0x0,0x0,0x0,0x0,0x0,0x0,0x0,0x0,0x0,0x0,0x0
0xB5 Monster,0x24d,0x2a9,0xb5,0x5d,0x0,0x3,0x5,0x0,1,0,0,0,0,0,0,0,0,0,0,0,0,0,0,0,0,60,20,30,35,15,15,25,0x0,0x0,0x0,0x0,0x0,0x0,0x0,0x0,0x0,0x0,0x0,0x0,0x0,0x0
0xB6 Monster,0x24d,0x2a9,0xb6,0x5e,0x0,0x3,0x5,0x0,1,0,0,0,0,0,0,0,0,0,0,0,0,0,0,0,0,60,20,30,35,15,15,25,0x0,0x0,0x0,0x0,0x0,0x0,0x0,0x0,0x0,0x0,0x0,0x0,0x0,0x0
0xB7 Monster,0x24d,0x2a9,0xb7,0x5f,0x0,0x3,0x5,0x0,1,0,0,0,0,0,0,0,0,0,0,0,0,0,0,0,0,60,20,30,35,15,15,25,0x0,0x0,0x0,0x0,0x0,0x0,0x0,0x0,0x0,0x0,0x0,0x0,0x0,0x0
0xB8 Monster,0x24d,0x2a9,0xb8,0x60,0x0,0x3,0x5,0x0,1,0,0,0,0,0,0,0,0,0,0,0,0,0,0,0,0,60,20,30,35,15,15,25,0x0,0x0,0x0,0x0,0x0,0x0,0x0,0x0,0x0,0x0,0x0,0x0,0x0,0x0
0xB9 Monster,0x24d,0x2a9,0xb9,0x61,0x0,0x3,0x5,0x0,1,0,0,0,0,0,0,0,0,0,0,0,0,0,0,0,0,60,20,30,35,15,15,25,0x0,0x0,0x0,0x0,0x0,0x0,0x0,0x0,0x0,0x0,0x0,0x0,0x0,0x0
0xBA Monster,0x24d,0x2a9,0xba,0x62,0x0,0x3,0x5,0x0,1,0,0,0,0,0,0,0,0,0,0,0,0,0,0,0,0,100,0,0,0,0,0,0,0x0,0x0,0x0,0x0,0x0,0x0,0x0,0x0,0x0,0x0,0x0,0x0,0x0,0x0
0xBB Monster,0x24d,0x2a9,0xbb,0x63,0x0,0x3,0x5,0x0,1,0,0,0,0,0,0,0,0,0,0,0,0,0,0,0,0,60,20,30,35,15,15,25,0x0,0x0,0x0,0x0,0x0,0x0,0x0,0x0,0x0,0x0,0x0,0x0,0x0,0x0
0xBC Monster,0x24d,0x2a9,0xbc,0x64,0x0,0x3,0x5,0x0,1,0,0,0,0,0,0,0,0,0,0,0,0,0,0,0,0,60,20,30,35,15,15,25,0x0,0x0,0x0,0x0,0x0,0x0,0x0,0x0,0x0,0x0,0x0,0x0,0x0,0x0
0xBD Monster,0x24d,0x2a9,0xbd,0x65,0x0,0x3,0x5,0x0,1,0,0,0,0,0,0,0,0,0,0,0,0,0,0,0,0,60,20,30,35,15,15,25,0x0,0x0,0x0,0x0,0x0,0x0,0x0,0x0,0x0,0x0,0x0,0x0,0x0,0x0
0xBE Fomortiis,0x24d,0x2a9,0xbe,0x66,0x0,0x3,0x5,0x0,20,0,0,0,0,0,0,10,0,0,0,0,0,0,0,0,0,60,20,30,35,15,15,25,0x0,0x0,0x0,0x0,0x0,0x0,0x80,0x0,0x0,0x0,0x0,0x0,0x0,0x0
0xBF Enemy,0x24d,0x2a9,0xbf,0x41,0x0,0x3,0x0,0x0,1,0,0,0,0,0,0,0,0,0,0,0,0,0,0,0,0,0,0,0,0,0,0,0,0x0,0x0,0x0,0x0,0x0,0x0,0x0,0x0,0x0,0x0,0x0,0x0,0x0,0x0
0xC0 Frelian,0x24d,0x2a9,0xc0,0x13,0x0,0x3,0x0,0x0,1,0,0,0,0,0,0,0,0,0,0,0,0,0,0,0,0,85,40,50,45,25,25,20,0x0,0x0,0x0,0x0,0x0,0x0,0x0,0x0,0x0,0x0,0x0,0x0,0x0,0x0
0xC1 Frelian,0x24d,0x2a9,0xc1,0x5,0x0,0x3,0x0,0x0,1,0,0,0,0,0,0,0,0,0,0,0,0,0,0,0,0,85,40,50,45,25,25,20,0x0,0x0,0x0,0x0,0x0,0x0,0x0,0x0,0x0,0x0,0x0,0x0,0x0,0x0
0xC2 Enemy,0x24d,0x2a9,0xc2,0x41,0x0,0x3,0x0,0x0,1,0,0,0,0,0,0,0,0,0,0,0,0,0,0,0,0,0,0,0,0,0,0,0,0x0,0x0,0x0,0x0,0x0,0x0,0x0,0x0,0x0,0x0,0x0,0x0,0x0,0x0
0xC3 Enemy,0x24d,0x2a9,0xc3,0x41,0x0,0x3,0x0,0x0,1,0,0,0,0,0,0,0,0,0,0,0,0,0,0,0,0,0,0,0,0,0,0,0,0x0,0x0,0x0,0x0,0x0,0x0,0x0,0x0,0x0,0x0,0x0,0x0,0x0,0x0
0xC4 Enemy,0x24d,0x2a9,0xc4,0x41,0x0,0x3,0x0,0x0,1,0,0,0,0,0,0,0,0,0,0,0,0,0,0,0,0,0,0,0,0,0,0,0,0x0,0x0,0x0,0x0,0x0,0x0,0x0,0x0,0x0,0x0,0x0,0x0,0x0,0x0
0xC5 Fado,0x24d,0x2a9,0xc5,0x27,0x51,0x3,0x1,0x0,5,13,8,6,8,2,12,10,3,0,0,0,0,0,0,0,0,85,40,50,45,25,25,20,0x0,0x0,0x0,0x0,0x0,0x0,0x0,0x0,0x0,0x0,0x0,0x0,0x0,0x0
0xC6 Enemy,0x24d,0x2a9,0xc6,0x41,0x0,0x3,0x0,0x0,1,0,0,0,0,0,0,0,0,0,0,0,0,0,0,0,0,0,0,0,0,0,0,0,0x0,0x0,0x0,0x0,0x0,0x0,0x0,0x0,0x0,0x0,0x0,0x0,0x0,0x0
0xC7 Hayden,0x24d,0x2a9,0xc7,0x73,0x52,0x3,0x7,0x0,1,0,0,0,0,0,0,0,1,0,0,0,0,0,0,0,0,85,40,50,45,25,25,20,0x0,0x0,0x0,0x0,0x0,0x0,0x0,0x0,0x0,0x0,0x0,0x0,0x0,0x0
0xC8 Mansel,0x24d,0x2a9,0xc8,0x7a,0x53,0x3,0x6,0x0,17,11,11,3,2,5,8,17,0,0,0,0,0,0,0,0,0,85,40,50,45,25,25,20,0x0,0x0,0x0,0x0,0x0,0x0,0x0,0x0,0x0,0x0,0x0,0x0,0x0,0x0
0xC9 Klimt,0x24d,0x2a9,0xc9,0x2b,0x54,0x3,0x7,0x0,1,0,0,0,0,0,0,0,0,0,0,0,0,0,0,0,0,85,40,50,45,25,25,20,0x0,0x0,0x0,0x0,0x0,0x0,0x0,0x0,0x0,0x0,0x0,0x0,0x0,0x0
0xCA Dara,0x24d,0x2a9,0xca,0x2f,0x55,0x3,0x5,0x0,1,0,0,0,0,0,0,0,0,0,0,0,0,0,0,0,0,85,40,50,45,25,25,20,0x0,0x0,0x0,0x0,0x0,0x0,0x0,0x0,0x0,0x0,0x0,0x0,0x0,0x0
0xCB Ismaire,0x24d,0x2a9,0xcb,0x74,0x56,0x3,0x3,0x0,4,14,10,9,11,4,12,12,0,181,0,0,0,0,0,0,0,75,30,60,55,20,25,30,0x0,0x0,0x0,0x0,0x0,0x0,0x40,0x0,0x0,0x0,0x0,0x0,0x0,0x0
0xCC Messenger,0x24d,0x2a9,0xcc,0x48,0x69,0x3,0x3,0x0,1,3,2,2,5,0,2,7,0,0,31,0,0,0,0,0,0,85,40,50,45,25,25,20,0x0,0x0,0x0,0x0,0x0,0x0,0x40,0x0,0x0,0x0,0x0,0x0,0x0,0x0
0xCD Rausten,0x24d,0x2a9,0xcd,0x9,0x0,0x3,0x0,0x0,1,0,0,0,0,0,0,0,0,0,0,0,0,0,0,0,0,85,40,50,45,25,25,20,0x0,0x0,0x0,0x0,0x0,0x0,0x0,0x0,0x0,0x0,0x0,0x0,0x0,0x0
0xCE Rausten,0x24d,0x2a9,0xce,0x9,0x0,0x3,0x0,0x0,1,0,0,0,0,0,0,0,0,0,0,0,0,0,0,0,0,85,40,50,45,25,25,20,0x0,0x0,0x0,0x0,0x0,0x0,0x0,0x0,0x0,0x0,0x0,0x0,0x0,0x0
0xCF Enemy,0x24d,0x2a9,0xcf,0x41,0x0,0x3,0x0,0x0,0,0,0,0,0,0,0,0,0,0,0,0,0,0,0,0,0,0,0,0,0,0,0,0,0x0,0x0,0x0,0x0,0x0,0x0,0x0,0x0,0x0,0x0,0x0,0x0,0x0,0x0
0xD0 Enemy,0x24d,0x2a9,0xd0,0x41,0x0,0x3,0x0,0x0,0,0,0,0,0,0,0,0,0,0,0,0,0,0,0,0,0,0,0,0,0,0,0,0,0x0,0x0,0x0,0x0,0x0,0x0,0x0,0x0,0x0,0x0,0x0,0x0,0x0,0x0
0xD1 Enemy,0x24d,0x2a9,0xd1,0x41,0x0,0x3,0x0,0x0,0,0,0,0,0,0,0,0,0,0,0,0,0,0,0,0,0,0,0,0,0,0,0,0,0x0,0x0,0x0,0x0,0x0,0x0,0x0,0x0,0x0,0x0,0x0,0x0,0x0,0x0
0xD2 Enemy,0x24d,0x2a9,0xd2,0x41,0x0,0x3,0x0,0x0,0,0,0,0,0,0,0,0,0,0,0,0,0,0,0,0,0,0,0,0,0,0,0,0,0x0,0x0,0x0,0x0,0x0,0x0,0x0,0x0,0x0,0x0,0x0,0x0,0x0,0x0
0xD3 Enemy,0x24d,0x2a9,0xd3,0x41,0x0,0x3,0x0,0x0,0,0,0,0,0,0,0,0,0,0,0,0,0,0,0,0,0,0,0,0,0,0,0,0,0x0,0x0,0x0,0x0,0x0,0x0,0x0,0x0,0x0,0x0,0x0,0x0,0x0,0x0
0xD4 Enemy,0x24d,0x2a9,0xd4,0x41,0x0,0x3,0x0,0x0,0,0,0,0,0,0,0,0,0,0,0,0,0,0,0,0,0,0,0,0,0,0,0,0,0x0,0x0,0x0,0x0,0x0,0x0,0x0,0x0,0x0,0x0,0x0,0x0,0x0,0x0
0xD5 Enemy,0x24d,0x2a9,0xd5,0x41,0x0,0x3,0x0,0x0,0,0,0,0,0,0,0,0,0,0,0,0,0,0,0,0,0,0,0,0,0,0,0,0,0x0,0x0,0x0,0x0,0x0,0x0,0x0,0x0,0x0,0x0,0x0,0x0,0x0,0x0
0xD6 Enemy,0x24d,0x2a9,0xd6,0x41,0x0,0x3,0x0,0x0,0,0,0,0,0,0,0,0,0,0,0,0,0,0,0,0,0,0,0,0,0,0,0,0,0x0,0x0,0x0,0x0,0x0,0x0,0x0,0x0,0x0,0x0,0x0,0x0,0x0,0x0
0xD7 Enemy,0x24d,0x2a9,0xd7,0x41,0x0,0x3,0x0,0x0,0,0,0,0,0,0,0,0,0,0,0,0,0,0,0,0,0,0,0,0,0,0,0,0,0x0,0x0,0x0,0x0,0x0,0x0,0x0,0x0,0x0,0x0,0x0,0x0,0x0,0x0
0xD8 Enemy,0x24d,0x2a9,0xd8,0x41,0x0,0x3,0x0,0x0,0,0,0,0,0,0,0,0,0,0,0,0,0,0,0,0,0,0,0,0,0,0,0,0,0x0,0x0,0x0,0x0,0x0,0x0,0x0,0x0,0x0,0x0,0x0,0x0,0x0,0x0
0xD9 Enemy,0x24d,0x2a9,0xd9,0x41,0x0,0x3,0x0,0x0,0,0,0,0,0,0,0,0,0,0,0,0,0,0,0,0,0,0,0,0,0,0,0,0,0x0,0x0,0x0,0x0,0x0,0x0,0x0,0x0,0x0,0x0,0x0,0x0,0x0,0x0
0xDA Enemy,0x24d,0x2a9,0xda,0x41,0x0,0x3,0x0,0x0,0,0,0,0,0,0,0,0,0,0,0,0,0,0,0,0,0,0,0,0,0,0,0,0,0x0,0x0,0x0,0x0,0x0,0x0,0x0,0x0,0x0,0x0,0x0,0x0,0x0,0x0
0xDB Enemy,0x24d,0x2a9,0xdb,0x41,0x0,0x3,0x0,0x0,0,0,0,0,0,0,0,0,0,0,0,0,0,0,0,0,0,0,0,0,0,0,0,0,0x0,0x0,0x0,0x0,0x0,0x0,0x0,0x0,0x0,0x0,0x0,0x0,0x0,0x0
0xDC Enemy,0x24d,0x2a9,0xdc,0x41,0x0,0x3,0x0,0x0,0,0,0,0,0,0,0,0,0,0,0,0,0,0,0,0,0,0,0,0,0,0,0,0,0x0,0x0,0x0,0x0,0x0,0x0,0x0,0x0,0x0,0x0,0x0,0x0,0x0,0x0
0xDD Enemy,0x24d,0x2a9,0xdd,0x41,0x0,0x3,0x0,0x0,0,0,0,0,0,0,0,0,0,0,0,0,0,0,0,0,0,0,0,0,0,0,0,0,0x0,0x0,0x0,0x0,0x0,0x0,0x0,0x0,0x0,0x0,0x0,0x0,0x0,0x0
0xDE Enemy,0x24d,0x2a9,0xde,0x41,0x0,0x3,0x0,0x0,0,0,0,0,0,0,0,0,0,0,0,0,0,0,0,0,0,0,0,0,0,0,0,0,0x0,0x0,0x0,0x0,0x0,0x0,0x0,0x0,0x0,0x0,0x0,0x0,0x0,0x0
0xDF Enemy,0x24d,0x2a9,0xdf,0x41,0x0,0x3,0x0,0x0,0,0,0,0,0,0,0,0,0,0,0,0,0,0,0,0,0,0,0,0,0,0,0,0,0x0,0x0,0x0,0x0,0x0,0x0,0x0,0x0,0x0,0x0,0x0,0x0,0x0,0x0
0xE0 Enemy,0x24d,0x2a9,0xe0,0x41,0x0,0x3,0x0,0x0,0,0,0,0,0,0,0,0,0,0,0,0,0,0,0,0,0,0,0,0,0,0,0,0,0x0,0x0,0x0,0x0,0x0,0x0,0x0,0x0,0x0,0x0,0x0,0x0,0x0,0x0
0xE1 Enemy,0x24d,0x2a9,0xe1,0x41,0x0,0x3,0x0,0x0,0,0,0,0,0,0,0,0,0,0,0,0,0,0,0,0,0,0,0,0,0,0,0,0,0x0,0x0,0x0,0x0,0x0,0x0,0x0,0x0,0x0,0x0,0x0,0x0,0x0,0x0
0xE2 Enemy,0x24d,0x2a9,0xe2,0x41,0x0,0x3,0x0,0x0,0,0,0,0,0,0,0,0,0,0,0,0,0,0,0,0,0,0,0,0,0,0,0,0,0x0,0x0,0x0,0x0,0x0,0x0,0x0,0x0,0x0,0x0,0x0,0x0,0x0,0x0
0xE3 Enemy,0x24d,0x2a9,0xe3,0x41,0x0,0x3,0x0,0x0,0,0,0,0,0,0,0,0,0,0,0,0,0,0,0,0,0,0,0,0,0,0,0,0,0x0,0x0,0x0,0x0,0x0,0x0,0x0,0x0,0x0,0x0,0x0,0x0,0x0,0x0
0xE4 Enemy,0x24d,0x2a9,0xe4,0x41,0x0,0x3,0x0,0x0,0,0,0,0,0,0,0,0,0,0,0,0,0,0,0,0,0,0,0,0,0,0,0,0,0x0,0x0,0x0,0x0,0x0,0x0,0x0,0x0,0x0,0x0,0x0,0x0,0x0,0x0
0xE5 Enemy,0x24d,0x2a9,0xe5,0x41,0x0,0x3,0x0,0x0,0,0,0,0,0,0,0,0,0,0,0,0,0,0,0,0,0,0,0,0,0,0,0,0,0x0,0x0,0x0,0x0,0x0,0x0,0x0,0x0,0x0,0x0,0x0,0x0,0x0,0x0
0xE6 Enemy,0x24d,0x2a9,0xe6,0x41,0x0,0x3,0x0,0x0,0,0,0,0,0,0,0,0,0,0,0,0,0,0,0,0,0,0,0,0,0,0,0,0,0x0,0x0,0x0,0x0,0x0,0x0,0x0,0x0,0x0,0x0,0x0,0x0,0x0,0x0
0xE7 Enemy,0x24d,0x2a9,0xe7,0x41,0x0,0x3,0x0,0x0,0,0,0,0,0,0,0,0,0,0,0,0,0,0,0,0,0,0,0,0,0,0,0,0,0x0,0x0,0x0,0x0,0x0,0x0,0x0,0x0,0x0,0x0,0x0,0x0,0x0,0x0
0xE8 Enemy,0x24d,0x2a9,0xe8,0x41,0x0,0x3,0x0,0x0,0,0,0,0,0,0,0,0,0,0,0,0,0,0,0,0,0,0,0,0,0,0,0,0,0x0,0x0,0x0,0x0,0x0,0x0,0x0,0x0,0x0,0x0,0x0,0x0,0x0,0x0
0xE9 Enemy,0x24d,0x2a9,0xe9,0x41,0x0,0x3,0x0,0x0,0,0,0,0,0,0,0,0,0,0,0,0,0,0,0,0,0,0,0,0,0,0,0,0,0x0,0x0,0x0,0x0,0x0,0x0,0x0,0x0,0x0,0x0,0x0,0x0,0x0,0x0
0xEA Enemy,0x24d,0x2a9,0xea,0x41,0x0,0x3,0x0,0x0,0,0,0,0,0,0,0,0,0,0,0,0,0,0,0,0,0,0,0,0,0,0,0,0,0x0,0x0,0x0,0x0,0x0,0x0,0x0,0x0,0x0,0x0,0x0,0x0,0x0,0x0
0xEB Enemy,0x24d,0x2a9,0xeb,0x41,0x0,0x3,0x0,0x0,0,0,0,0,0,0,0,0,0,0,0,0,0,0,0,0,0,0,0,0,0,0,0,0,0x0,0x0,0x0,0x0,0x0,0x0,0x0,0x0,0x0,0x0,0x0,0x0,0x0,0x0
0xEC Enemy,0x24d,0x2a9,0xec,0x41,0x0,0x3,0x0,0x0,0,0,0,0,0,0,0,0,0,0,0,0,0,0,0,0,0,0,0,0,0,0,0,0,0x0,0x0,0x0,0x0,0x0,0x0,0x0,0x0,0x0,0x0,0x0,0x0,0x0,0x0
0xED Enemy,0x24d,0x2a9,0xed,0x41,0x0,0x3,0x0,0x0,0,0,0,0,0,0,0,0,0,0,0,0,0,0,0,0,0,0,0,0,0,0,0,0,0x0,0x0,0x0,0x0,0x0,0x0,0x0,0x0,0x0,0x0,0x0,0x0,0x0,0x0
0xEE Enemy,0x24d,0x2a9,0xee,0x41,0x0,0x3,0x0,0x0,0,0,0,0,0,0,0,0,0,0,0,0,0,0,0,0,0,0,0,0,0,0,0,0,0x0,0x0,0x0,0x0,0x0,0x0,0x0,0x0,0x0,0x0,0x0,0x0,0x0,0x0
0xEF Enemy,0x24d,0x2a9,0xef,0x41,0x0,0x3,0x0,0x0,0,0,0,0,0,0,0,0,0,0,0,0,0,0,0,0,0,0,0,0,0,0,0,0,0x0,0x0,0x0,0x0,0x0,0x0,0x0,0x0,0x0,0x0,0x0,0x0,0x0,0x0
0xF0 Enemy,0x24d,0x2a9,0xf0,0x41,0x0,0x3,0x0,0x0,0,0,0,0,0,0,0,0,0,0,0,0,0,0,0,0,0,0,0,0,0,0,0,0,0x0,0x0,0x0,0x0,0x0,0x0,0x0,0x0,0x0,0x0,0x0,0x0,0x0,0x0
0xF1 Enemy,0x24d,0x2a9,0xf1,0x41,0x0,0x3,0x0,0x0,0,0,0,0,0,0,0,0,0,0,0,0,0,0,0,0,0,0,0,0,0,0,0,0,0x0,0x0,0x0,0x0,0x0,0x0,0x0,0x0,0x0,0x0,0x0,0x0,0x0,0x0
0xF2 Enemy,0x24d,0x2a9,0xf2,0x41,0x0,0x3,0x0,0x0,0,0,0,0,0,0,0,0,0,0,0,0,0,0,0,0,0,0,0,0,0,0,0,0,0x0,0x0,0x0,0x0,0x0,0x0,0x0,0x0,0x0,0x0,0x0,0x0,0x0,0x0
0xF3 Enemy,0x24d,0x2a9,0xf3,0x41,0x0,0x3,0x0,0x0,0,0,0,0,0,0,0,0,0,0,0,0,0,0,0,0,0,0,0,0,0,0,0,0,0x0,0x0,0x0,0x0,0x0,0x0,0x0,0x0,0x0,0x0,0x0,0x0,0x0,0x0
0xF4 River Folk,0x266,0x2bd,0xf4,0x6d,0x0,0x5,0x0,0x0,1,0,0,0,0,2,0,0,0,0,0,0,0,0,0,0,0,85,25,60,10,15,15,25,0x0,0x0,0x0,0x0,0x0,0x0,0x0,0x0,0x0,0x0,0x0,0x0,0x0,0x0
0xF5 River Folk,0x266,0x2bd,0xf5,0x6e,0x0,0x5,0x0,0x0,1,0,0,0,0,2,0,0,0,0,0,0,0,0,0,0,0,85,25,60,10,15,15,25,0x0,0x0,0x0,0x0,0x0,0x0,0x40,0x0,0x0,0x0,0x0,0x0,0x0,0x0
0xF6 River Folk,0x266,0x2bd,0xf6,0x6f,0x0,0x5,0x0,0x0,1,0,0,0,0,2,0,0,0,0,0,0,0,0,0,0,0,85,25,60,10,15,15,25,0x0,0x0,0x0,0x0,0x0,0x0,0x0,0x0,0x0,0x0,0x0,0x0,0x0,0x0
0xF7 River Folk,0x266,0x2bd,0xf7,0x70,0x0,0x5,0x0,0x0,1,0,0,0,0,2,0,0,0,0,0,0,0,0,0,0,0,85,25,60,10,15,15,25,0x0,0x0,0x0,0x0,0x0,0x0,0x40,0x0,0x0,0x0,0x0,0x0,0x0,0x0
0xF8 River Folk,0x266,0x2bd,0xf8,0x6d,0x0,0x5,0x0,0x0,1,0,0,0,0,2,0,0,0,0,0,0,0,0,0,0,0,85,25,60,10,15,15,25,0x0,0x0,0x0,0x0,0x0,0x0,0x0,0x0,0x0,0x0,0x0,0x0,0x0,0x0
0xF9 Renais Cit.,0x265,0x2bc,0xf9,0x6e,0x0,0x5,0x0,0x0,1,0,0,0,0,2,0,0,0,0,0,0,0,0,0,0,0,85,25,60,10,15,15,25,0x0,0x0,0x0,0x0,0x0,0x0,0x40,0x0,0x0,0x0,0x0,0x0,0x0,0x0
0xFA Renais Cit.,0x265,0x2bc,0xfa,0x71,0x0,0x5,0x0,0x0,1,0,0,0,0,2,0,0,0,0,0,0,0,0,0,0,0,85,25,60,10,15,15,25,0x0,0x0,0x0,0x0,0x0,0x0,0x0,0x0,0x0,0x0,0x0,0x0,0x0,0x0
0xFB Renais Cit.,0x265,0x2bc,0xfb,0x72,0x0,0x5,0x0,0x0,1,0,0,0,0,2,0,0,0,0,0,0,0,0,0,0,0,85,25,60,10,15,15,25,0x0,0x0,0x0,0x0,0x0,0x0,0x40,0x0,0x0,0x0,0x0,0x0,0x0,0x0
0xFC Citizen,0x264,0x0,0xfc,0x71,0x0,0x5,0x0,0x0,1,0,0,0,0,2,0,0,0,0,0,0,0,0,0,0,0,85,25,60,10,15,15,25,0x0,0x0,0x0,0x0,0x0,0x0,0x0,0x0,0x0,0x0,0x0,0x0,0x0,0x0
0xFD Enemy,0x267,0x0,0xfd,0x41,0x0,0x0,0x0,0x0,0,0,0,0,0,0,0,0,0,0,0,0,0,0,0,0,0,0,0,0,0,0,0,0,0x0,0x0,0x0,0x0,0x0,0x0,0x0,0x0,0x0,0x0,0x0,0x0,0x0,0x0
0xFE Wall,0x268,0x0,0xfe,0x41,0x0,0x0,0x0,0x0,0,0,0,0,0,0,0,0,0,0,0,0,0,0,0,0,0,0,0,0,0,0,0,0,0x0,0x0,0x0,0x0,0x0,0x0,0x0,0x0,0x0,0x0,0x0,0x0,0x0,0x0
0xFF Snag,0x269,0x0,0xff,0x41,0x0,0x0,0x0,0x0,0,0,0,0,0,0,0,0,0,0,0,0,0,0,0,0,0,0,0,0,0,0,0,0,0x0,0x0,0x0,0x0,0x0,0x0,0x0,0x0,0x0,0x0,0x0,0x0,0x0,0x0
